0x004b75685DDb847929A285e1eE4f2F1e8664C873,20
0x006C78f49620ef3881021C64FCbC9FE54cEC57b7,20
0x008d72a0b8fe601c08f7de7cfce265f18d1e0ca8,20
0x0093850de1bFAB92C25e56e3DE8f13ae027D4ecB,20
0x00a69EDffE9A64481dEa10a85cDBA65ED54520E3,20
0x017a2d22B0639d5DD992629D15b3bb917b92F92A,20
0x01Dee7Ea9A880A1237446c030Ab6d3475C4Ad573,20
0x01f71F2a59D19030bf79961e3e57C82922FeecCa,20
0x01Fa7C39C94b8B0f1A40A0464ce7024F73ade56B,20
0x0282301038F0661aF298DBB51E630204c82177f0,20
0x029fa562205d73f437c198519e04eaac32f7a175,20
0x02BD023d83DF4074C93C969624F5E7836a5b0b3d,20
0x031c02C1f21F4e24cC244cBBA5aD1B2059De9b37,20
0x032aa532b16250344c644bed7c020bc2fcb18134,20
0x0374A393455e02DE96BeE853ABF70dEA819b4d59,20
0x03Ba4b9973039D6e7FE93C34535caf4516EbaA3f,20
0x03D59621e4B33cbF546D3001849114E9aD7b2E23,20
0x04049fca1564f51596a2ce4b62c47b590405d7bd,20
0x04193691C01441065D336C95B982946F49caD5c2,20
0x0427b9493DB7c4A5a8d2E9095Cf4d4832398451C,20
0x04CF971E87e0BEE0497F665072d6884884a5Ecf8,20
0x04e5b434864400165730524be1911b16df1f9b54,20
0x0514b5bc8f8e08e9FBBAb3485D7c2da554b689fc,20
0x051E0d7acef97c87eC7F7236dd1aC595e0a35066,20
0x052133E92d25d8Db151D8BFe5F0A278f91E33463,20
0x054E2156085252C9269C16f18EA77B53C7C59553,20
0x0553f2d495CF1D38A6393Ba2A147Ed8ee85b8b87,20
0x056f3884a008b82aD728bd189d931aB67348feD4,20
0x05FcbB1a9D72eC09A7DdBAE5A6b41C69eddA2a39,20
0x064f86cA5E0de2c0002FA9594f3666C2770e0049,20
0x06785d71343424a44091c491348e22c517e5058c,20
0x0693C490193F32613584bA992cF406FF628B47BE,20
0x069EEAfdDbf3d8D0ca9F8167f1D64160587e3bc4,20
0x0712412667c0895A64dEa3a31C71C148DbD2e1e6,20
0x07995BCc38BE82141B8c5AA856C2F2961a62f313,20
0x085d67b48c10c96b0b2f2cc086e935225901713e,20
0x0888d793B662e2c7B7bCF1B1596c5a701d07d8BD,20
0x08bA1692Cb28bf66b4b11dfBb1D3aFE14cEfa479,20
0x08cc2c99eba8ba63ed38888266a913198e5e4771,20
0x08cF51705815D65f86Bf67BB511E6bC28e74e9B1,20
0x08E1394e922fb2deFDe97570B1580522d8b117f5,20
0x08EB6c03D5d0b431454E6692c87530cCFd7e1C32,20
0x0938998908cea5De7B8867b3522840bBb1d3d15E,20
0x099Fb3dC41081b2b494756e250e6a36D09c71580,20
0x0a13d372f718a33a5a460873baf85f2b463f5545,20
0x0A30E78C7BD8859aFE1fc24a58F11F9CC5632230,20
0x0AaD0EE383379dd3Ede8De14A4C828b30d3e0153,20
0x0b6F88f42CEc4f9E7c5333b933d5073919F19718,20
0x0b791001a58F805f4BbF254652d0F21f9a7684e2,20
0x0b812dc3CdbF43CC1811Ba63454f85046874d64c,20
0x0b8224Ee003753B8f11A5d47CC7420261cf756AD,20
0x0bc65EF93f6b3572399a032f9fA7693B6A8670B1,20
0x0BCE991490a486BA845FFDc5adD4b5dCC45B4f50,20
0x0C43a2a28335475f1E57442874503c21dEa40D7C,20
0x0c73Bd670F9B8F2730d84974054D420a0bC931FF,20
0x0CABf2E8bB6560B77e932Fb76773577aBDCF3EE1,20
0x0cD28E55946A21F1E43ea2625127D4Ee2222aE94,20
0x0d36dD40FF721aC6E3f40FC3e36A5566609A03F1,20
0x0d3881dCFf7d1A4DebD41D5edee461f59db201B6,20
0x0d6bFc6b159253B9193c241B5429020688458740,20
0x0dB524b44ED9BEa625Eaa7f98ba6C86fa25539E4,20
0x0dd06775a7b2bCEACDb17a8282d8EA705ceacbf9,20
0x0dE646c79c70F0345865824f1D13385D99BD4bb5,20
0x0e02dF6f7f1c09462665eB5Cb5F6B51F939cBd79,20
0x0e7a7a43c478c47436532c296ec7c739ee60a745,20
0x0e86148C0752E96Bc44F7F2b78961c53893019d6,20
0x0Ea4B9b031109cBB8F70f8fDdFbA05FC1088979E,20
0x0eC8dB5Bb1dE70fc7A202b99101E84D3F8997a4A,20
0x0f13887ebC9d8C890dc6bff21657C2BC40A035b1,20
0x0F2069EC115Ee093F8f201967E7a7880ee437EA9,20
0x0f4C214da8770A75eE6ed985106716c68E31D1BE,20
0x0f58Dc77750aCfC748fbD9705C8849642272B375,20
0x0F613f0Ab0B3c5da2Cd25Bb3a0a63EB51d14DcAD,20
0x0f64deac862608b61a532487e3c14644a8aaa66d,20
0x0F671B04E4a78B82958Bd7e60bbd090e7Ddc24D7,20
0x0F800319dB871D24F4A421fE69F87b54cd0172d3,20
0x0F9897fD1163Dc6995acbfe3db1e35c282128155,20
0x0fFAc8795eA894c17B517f6547b9061Df2c2ce86,20
0x1099Ee6bC808AC512dFe83Da0D56150377afa06A,20
0x109e3D838376f046913fc47dE1e31b8C8417bde9,20
0x10c770F7975Fc9DeE398727f5e927F494283a176,20
0x10DC320B0B55ec81C92145AaeD954ad36452C161,20
0x10e0dcAF503feA95984427a2c851E531E7985c16,20
0x111674ec45685b5e84fd0ed70a525bd67f9bb43f,20
0x1117Aad10bD81534606B65A3b6A5778070C3ec3E,20
0x1140188B7d1EB4001D0A9612152Ee8EAdc196a08,20
0x116B3Cf158cB019D24b7a44C89A188dfF3B435E0,20
0x1172af7227c746ec6ae6a9fd50a18fe54a0eeda1,20
0x11E78E7Bcd04694d682EB76e85ba7afcA14D2453,20
0x123685160e5B0d34AD6A63c0cfE0CFc3262936B4,20
0x1249cDA35FD0804e5e661Ec3F2E5a91BA686f819,20
0x1257e7F6e6e469669DB0743aC7b8C0a3bd27291c,20
0x125F7429c1751F64dC240F651Ed7df9bc0144859,20
0x126d3a7c66fcea0DD72d2511E4d2a539C9A39BfA,20
0x128A749174CFd9f296359A77BB4096de47143731,20
0x129D7e83df7351Dd266D82958080bF1aeab75432,20
0x12afC6451F21FedDEb1F732D6baa02684c258d9c,20
0x12f34714ddd9d0924ff36ae7d2b7b8852ba63466,20
0x12F8976ba98dbA27DE83f65b5aEfEEc690f862A9,20
0x13013b5F91853b9DE4cd98433773FaF9730DfFA3,20
0x1301CA370C50B7fE8050b30499C82B4c071aE0D6,20
0x13840A08a6eB1Bf5882712d3EC4A30c6A7238CC5,20
0x1389d0b6CBC40fDa4272cfc07F26189209A0e230,20
0x13a4e9BA2CaEc6D27319EEE931897A9fADC23553,20
0x13a9506f9bb1791F0c1fc0f289e109e572654FDf,20
0x13b8C715eAb61e13DE0082D7a9a8948d9c6F9702,20
0x13C39C7F1c740622ED7bA8F83B9bee3B01f0b0bE,20
0x13C7c1f3b192C1336c42E116F6c1D0269AB7946E,20
0x13CA1f315fD8654028732960f5c68729201A02F5,20
0x13dE257cc1c007dB12381819d893AC01B4B3AF4B,20
0x140fA0adfBF4f92843bD06b60934BB307df38864,20
0x142570043e7ba94189da46f0eA0C76f3eE6eE840,20
0x1452a8C4745001cDA8a5920b773cbd58B1d29B43,20
0x147405053f26B3e0cd6f635e69859f99Ee548b99,20
0x152c64dD327bEEFBF11d133565B03496455D50D4,20
0x156219f9ab6eBDD296b223248Bf7397EdF9fc709,20
0x15D111ACf989BD33676566ebb824fA406a5A7e65,20
0x16279f2b96C719D55e60347992196e611D4750Dc,20
0x1635E07EDC99de066C135786E2984F8a2bE49381,20
0x16503D6B9E8CeCC24A8810862a081B4F6fC4C497,20
0x16E62f66defC57729Cf68eae9CDE7336b4c9ecae,20
0x16f52d03d2de78748a1121f4a7335C512a1Bc31d,20
0x1739a4a4EDFAfadF9a5CEf5d66695b8d998d4313,20
0x178173627AA2f703e1A4AdB549791aCEe019b283,20
0x1786Bb30776eB910B06528Ad72A0785DcD2D45c5,20
0x18654b396F5eC08764074d3ebbD47b42C0B50BF6,20
0x18843246C8e2b40fe5E15623dc3951629cef7E45,20
0x189b1D506167664C5ddFeDf214FB5503C41fea43,20
0x18A149817e7276c1312d906ddC1c5DB833859392,20
0x18b4318DaEC8c90a3f3912c8cC561F7AEDE15D1A,20
0x18BD34Ba9c5187B10c372e81D24525a07f89e51E,20
0x18bf53fa42772194a31797b0f899a1fa2a47712a,20
0x1911510618D897d98DB1a9C640b2c8c6FC053bAC,20
0x191D07fbfE19BCdE3d1774BaF7AB07f1421c3152,20
0x194f7C67c901d29245171593507Ba836c8e6B997,20
0x198b0a3346021d545b082ced556c89247f9e39e0,20
0x19f7c928aD7Af82B7F7e8ab4471a5d88f85eC19e,20
0x1a374e06af55788863ec2c40c266e2dccb482b29,20
0x1b18903D2A3712f4a08D0F88564a8F1D08777Ac1,20
0x1B1FEd292DF93138693730DfA26492E34EdBe947,20
0x1b678DF4BC9eFA6CBE0519B41dee63a7118dc560,20
0x1B72A10f7a2f52176751C2C351d4A7811A00d231,20
0x1b97088F91E4BACF6608D755c44F16D8453Bc2F2,20
0x1bedd216d0fef8dfbd6c46e6825356e14c2973f2,20
0x1bF44F2b3dad1fD189ABE6F72D1F8fAFCa63b237,20
0x1C27bef2167Ee1Ab351eB706A09224062fB1e2c7,20
0x1C30919851b9E7f85064Acc00Da6266d54E411AB,20
0x1c705a67f952a67d878392edbe37f52ED71b4c39,20
0x1c74f4f119974609edf8b9310abef7c0a9c4abbe,20
0x1c935bd7385055286adbfbd40cdaa8c1915bb182,20
0x1cbd313F0dec74DdAf08dd5aa8e20459B187254f,20
0x1Cc4478C1222B3860D5DD6A22Fa56024E74a9Bf2,20
0x1Cf128c68c0EdF212147E1522426f9CBf10615cc,20
0x1d019f4a7ddBC99aC256b9D7Da7632C2aaAF41f1,20
0x1d55871a91d2628152e3f9b91b0b1a8af22e235f,20
0x1DD9e28024F596B69044671c6d35152facdb0eB9,20
0x1E0bddc8C045E95cFf2a919EC142a45902DDDa62,20
0x1e3252Db901a88fcebbb54D3E86aAe59dC9E7a32,20
0x1E9c0f8d36AC5eEACb0053800F0e35E29E0f4d33,20
0x1ef9c93bc947aa5f25b1955b87c18cdfa869e098,20
0x1F24EDF3c10c46D850cED96744144a60dFca5355,20
0x1F274fF673C025b7e8F91daa60F01Fe7a5A400f2,20
0x1FcEC817BFcc78B4AEfDe34770bA9fBCEf1A8D4c,20
0x1FE1E781F729ae4cAc353ff6FF1d09B7b081D1E3,20
0x1Ff548Ec2E1941b25DD2119E2E19F433CCd82b72,20
0x2001f53D2130984D1eC875CF183a2191e187e556,20
0x201F822105A9F7bDBc970588d1ECAE8EEba9492D,20
0x2029192a80947FDF2D78bB674e31d9ddB6808Bf2,20
0x20649a3a25b8872516bB29D11bA8fAf80A1994e1,20
0x2091026D5f58B3e1365FB7c2892246a6535E3f37,20
0x2094d4b4d58e75f768c2908f3f7bcc3b77af82c7,20
0x20ec1375312FcADca89d3ab7D44607aC26DB8E83,20
0x20f7aab01909218198b6f176c0bcee8694cab9f1,20
0x218d95C543748381860788cb238802254AEe7e77,20
0x21c11B91304e6eD6Bc03b571136Dd1D4332da0E9,20
0x21e4DBD1780AAe3B4549EFE19448D82b1a3CAafb,20
0x2243A0FB99dCD66Ab85b923E8AD1C2E60c348897,20
0x22a5B8910Bf613992c38fb32DF1c7C0fafd2350B,20
0x22c20bC8a791d22426Aa0fDa45B18F11413667cF,20
0x22febdd32cdf26f3c72c370c3c70d11938b529df,20
0x23647f676BBd9695AdF2D3e9A153746C04fF1288,20
0x23CA58f2C6D43E2b99660460b78148A8AC72345c,20
0x23Ded6d4633e017Cc49D19aeedf44021536742C2,20
0x24a6b80e796908d9592ec662d3b66204dcb0fb10,20
0x257589F449029456Ed0c3Ea0106bdeec41961be4,20
0x2581B892F676B8af53Ac018F453560CE59BDBC45,20
0x25c5E666b11A029E15A0A53a5ECdAe8338C2f006,20
0x25d37cebBd59bAB06C88f6dF8cFfC7BAd49A24e9,20
0x25ddbE2f9044418649093bDB59A5fa03B78404Ea,20
0x25e74a09d8fb2916d08c953433c16d95a156e0f5,20
0x26047a0Cb30ed726ec4b2884Ec28dD026BE43560,20
0x261df0E2826F505e1d6FF12bEC786dE2DA15b9c9,20
0x27493da73865428C8920dc3722b382C679D9E6f8,20
0x274b69fADd7B3Cf5584846BA46b44f8c07acD54D,20
0x275FC5fBdC53fe19218d9DCa6F741128fF8bf42E,20
0x27b0B4A4601EFffCFe037Bd406783aF58465C662,20
0x27babc2d7a473f9d0b59ca1b78e76f591f38d771,20
0x27d323E222e0E6417bD46A555a1c0Cb2f20857F8,20
0x2819FedDcF5e16FCE6640BF4dB7Ff14fF8207E6a,20
0x28766B7Cc9596aE2A713eA6C3CB8f0e956B92bB3,20
0x2892C17b3E6D7A62087d24Aa9966410FD8e9C937,20
0x28BE52AF21aDbd19A0F781343378830788e568B5,20
0x28C51dCAE80fE86b58E3d00A60606c0168326C4D,20
0x28EF7645a4F32dF5F8C168cB800783357CAe2Adb,20
0x2912f2910d2ebc5a4ed6a18821475c7383d3a1f1,20
0x29A8f21c146C455a4Ec93C70686fd878364a229F,20
0x29c2bfdd3800b923f0ce06ed412f8fe7b0f00320,20
0x2A091145aa07532811B8D0c2e2a569cCec26F30a,20
0x2A19c055e56e0b8A1F424552609F7a1fb281598A,20
0x2a3E43aAB64A867f637a2Db2615a3Fc085A4545C,20
0x2A4aa20D602F1494f9C6111bbD3697033CaA1DC1,20
0x2a72c5633D4a85AeDD3730078Aa888093a9dfd2A,20
0x2A7E875d291a1Ad9608D7B59E77A38a040c7c897,20
0x2B6b79EcFA45884eB8DA1eD136681E617d021Da6,20
0x2b7879b05d304e8e83bef617a698f95b19ad2be8,20
0x2B9cEA06210C1b09c58f57cb462A971e29E73BE1,20
0x2BeFce67ECd5934354045a593b0e312AbC42B988,20
0x2c78373FccAB15C20511ec4DdeAc8C0dB6e5F0AA,20
0x2C9a539A65963F5aDF78426063232F1154C50c7D,20
0x2Ca1516237b94B98dFF40D9818EcB678390fE47F,20
0x2CAa8BE79e9b6a9B6D93A168922dD498087a1b6A,20
0x2CAb985bFfB1a1bbD6a32075788fb4129EC83731,20
0x2d0a948Ec71121Ec4f6376F86397adDF9A70AC0F,20
0x2d5A429334c484b8530Ad85E70775Ef5259010F8,20
0x2D92bCb75008dcBd586a07e21d02BDDc5dcFF3D3,20
0x2dbA03ACd4CAB4C301D384bbb47BbF49d7Ec25f7,20
0x2de4e4046d149939dd12c3495f75c149e10cf178,20
0x2DF4C8685015EA6bce47DAEA8522c9A28889DdB2,20
0x2E4745E2a180890c11839C5f34600250019CAE22,20
0x2E7c101C49E4314c5239f29A3220E3365Ad09e58,20
0x2e976F0000EE90DA0634Cdf57A42970d919e2622,20
0x2E9FafB640f9D4d4AB05140FbBF87F4458467d9F,20
0x2eA544F348cC3A5345d1B3B52091011ff51b0376,20
0x2eEf2b8a10a50d31d576bec3B159369f84CB1348,20
0x2f4491A68568f201EF6BB9B4654B71e908137615,20
0x2f4daaa955A0d961D8A0DB8EDEf8159D1419197F,20
0x2F723Ac04aDF32D2D8b0D411935AAd8CB79fe431,20
0x2f9199ee5987FeDDba156e2Ef4650AD856A5A79C,20
0x2f91ace5ed8398bb077ddd69cda91846857f1b18,20
0x2fA50CAA604DfaCCd1AbBc157503df242d6bA3c9,20
0x2fb7793fc874c40c74b953c5029e5735ceb31bc5,20
0x2fcf05BD31e290eFaeC64a39989D0d01dc690bdd,20
0x2fd3a7566062A0e3B888F9475332126261b164b9,20
0x2FEB8c9FC682b5950ef53C7D25c73ff654529bf3,20
0x3062d3f0342747FD58536Ea34D7d66953958B60c,20
0x308bcdd1b8A2028e3586fbcF31891F705cd20DC1,20
0x3091705A30bcc6A1c42c3165034f6a38dd7301b3,20
0x30a74426bEB6c18A5A5a0Bf8fFa90d1e23873f72,20
0x30ba9bcb09D0f5d8fBC4aAF7eF570447D44Ebf09,20
0x30C3218cEcDdd4EB2A97e2123699cFadFEc66413,20
0x30ed681a634640E1F6DCb6dCAb85CBd84D107491,20
0x30Ee09E171445dE6Ff6C9e9fD794f6FdD0ED1250,20
0x3164f478B5A5D399F95a5866A19f78412e5f8a98,20
0x31B62DE0d4C5cc8Cb4608fb65B88275FdB7397cB,20
0x31cd1de87C294C8Db6AEB508F29Ae4b980279a6a,20
0x31e296e2aeb759114e43f8995438398c79ff1b3d,20
0x31f0f1FD3AF245f67e98be34d5A82E8Ddcc60C17,20
0x320E75f38C5f31907000D9a43608e03fB32Fdd2D,20
0x32a404cc2Af62a72211fFf1eD0FA57F1c606C609,20
0x32B9F11D5edcEbDf9fa98eB19f8c37eb5eB182B5,20
0x32e98c8bced68a684ac39a3113d23c224e7e9170,20
0x3309A6902b419c36715853836E549e1123A33d3C,20
0x330bf6D7Ead07b277C799C51c38ae07Bd06358E5,20
0x33439e322a0E2A0Ef025D292441adB45aFc2854A,20
0x33570A77AeB521D0DE2df79624523019F1AeF23B,20
0x33617EF2aED2043Aa78A629EB0E861567030Dc8A,20
0x33629173c76A2e60e7027758ebf93654be81b7B9,20
0x3389AdFFE387B72aF4Ad350EC999f34810FE5Bd6,20
0x3465348524949A2fD1fd3b30D5a9f772FFAF8069,20
0x34f0365d08Ce1b532e825fC937b326dA364D92DB,20
0x34f783506e7c52c8ae20a3a334e118a887e34954,20
0x3500f27ff5d6c46c5ac6db15622f608af5dbfc22,20
0x3571DfA1A795566fE96887350f907c2364D99bcd,20
0x35Ea92b51D30646b6825D86d6093C922835e1DD6,20
0x35F5Bae55E7106d7441Fe2254413Fa46691CC99A,20
0x360cEBaC3453204D44032d4E4d2c9896DE48a85c,20
0x3656C2B544225210F65bC1251614C36A91340Fd8,20
0x36d4B301334EDdCf5FF9603750A81C4799Ed9f44,20
0x36ef5B34F5fDc5346B1a93979c8c527BFa52D8A1,20
0x37032F52676eA8D5fd771B4B0d4A5f3dB83D2cA7,20
0x372311675dDbBe3DCb263aA4f2052D343539dDF0,20
0x3763ccaD148A68E7D5858390093376232456Afd3,20
0x37A5f3fe9622D9F656Ee50EE95E4A4444480293A,20
0x37d14879B5F0706273021654fD463Ed3EE2195A7,20
0x37e835e124A42cB43475Db4da03C250a5b029860,20
0x38012193B62A5c4882F78E42467959bE6010814E,20
0x3804837eeD92FAee7cCd609913Ff54EB7DDF8a44,20
0x385Cf18235BDB169C7B09BC5e2f375096F435E18,20
0x3870D382026cb93c4b3242EF372949A5f9FC8BeD,20
0x3910569040D8763398B23Be4C9E187b6ea31a50d,20
0x39623abfc2843b0038CFecC99468195561BC356C,20
0x39aC95128639765f8A26cAf006ABbD695a9b4077,20
0x39B23Dec93995a60f21D771aeC3A5A1Fbf2E646B,20
0x39b2663e13703FfcAd0C2ba5D2eEcdAAeE62f7Bf,20
0x39B456338637Ca414134A5E1Ee84D910fD33b6F3,20
0x39ec5c2669B0b1b884b7a827a95b8486d50DC18b,20
0x3a4A428cfB444f5A5af9369Fd9E972a42137b1Bd,20
0x3A61Ee0C739A94D6AF9081Ff5c46d239Ba8923f7,20
0x3a652f60622d22cDE49dE3D9B5E9D0dCd4D6C32a,20
0x3A77aCf8DdafF215292470C9C5389F6f2B93FB14,20
0x3B0F627E5051c40Cf2787C9cd954E40a3d44E753,20
0x3B89a7BC0B74B602430c0047D2F7c5CE0e402c0B,20
0x3BeB921B5A0855784Ab863E15F0473d5A9BAE095,20
0x3c09fEBB8830F1eaF2bb3795E4E8cfD3D8eDcC96,20
0x3C9dbf3897209Bc1976A6F02B230A41d1948279B,20
0x3cbf68e7399a416ec99bb26d47d2602bdb4bf0e2,20
0x3cd5FbFDdE55EF766AB5f0ed78f4B9685459F35b,20
0x3d3457Fb1653c485d3044B25db86EBC595fE63d2,20
0x3d9C310E0D8FD396b6B90c84025cd31AfF183643,20
0x3DBC76aFcd64316CF9109f861913cAA3231B216f,20
0x3E0250817aa5442f3428836F9b1b4eC900468347,20
0x3e2c2A3a891ec1988cf155dEed8Af3F18D21F4B3,20
0x3EB57958C36d8db936FC166643CAB97efEC6249f,20
0x3eC464cb466Bffca816D4377942E3247069d1100,20
0x3f9C246C874aD02deeAFbBBdE0a602dD77380606,20
0x3FDC1A7f46B85C6e79039F6141E8DDB0407F723A,20
0x3fea4cb120f5f0f96184dc38a8367e7fdd9690fa,20
0x3fFf9e33fE516b487dF3FF8754121d1580061c04,20
0x403c90530Df657C751D833F7A2D61A6A76C553aA,20
0x4072666559580B59Ef51833F102DC893f6E39826,20
0x407312F2F1A1dFbBE3Dd4aEFF422285579462bB0,20
0x4091faa9e7885702dfef185d316fe295e4d7da6a,20
0x40deeF57B1b9f11D302f929C352c4371BC3FeA33,20
0x410115e3002b009B23220C38086d44B978Ea4A0e,20
0x41014eddb1975b2ccbc7f87de9fc1ad913ac04df,20
0x4123aE170DC739cF0D914566e4b3bEaD7349EE64,20
0x41317350722022cd67107E1637872653051DDC43,20
0x41404e5f71A35b8f2fcE99F950743AB657D1843b,20
0x4150d37d5f0cdec0544aafda19accb058d549a56,20
0x4190b2325a6e9cfa9f8ecb3c6d4dd7d7d3d1d11e,20
0x4220A5e7FC5B249b16d3180a886868b00C23b331,20
0x423b80f15b5765af604420c27f44700e3fd8644b,20
0x425B79e5e2c5d1BC53CD422b263b855e242d6fe6,20
0x43212427260DDe71863A191e2aB66599b9ac7b88,20
0x4359D21180e7949483a8d4A3dEB91F50E2C39dc6,20
0x437F6A15c6E704B6142ae28539c92dBE1A0C4C4d,20
0x43dbcd725e87faf0b59fb52038a0002f44a08817,20
0x43dF0A2BfE96aF74C225882E78991fb09E5ab84e,20
0x448735219386A6b40b71B1136A4f0Acab3db1EeF,20
0x449f7d75A0d0Ce1A43df00Cf027AEAc5f9Dc115a,20
0x44bbAde400A381Cc9B8dE4FA9F8e85e792a70282,20
0x44Bc1a7dc8E562dcceb5921ee237B277829a47df,20
0x456e580211757f57CB0eeFB35Db9283B2A969cB8,20
0x45772aD5a6180aEa127eEa8cF26e192Ae4772c18,20
0x4599Af4bD7f31ed2D5845260D741698b96d1dad5,20
0x45eac016964772f6e36e0f16c94d5aa7e2d0fc2f,20
0x460D283Cbf9096194e92B7E69F9b97b1769f75e0,20
0x462594C0a6d35641FAb8d39C3Eb1f5C136658d08,20
0x46264C8b03dd3AD3269b08f3C0834ABa80a39F3e,20
0x462c9560E2248248AB65819a5fC122f3185f51E4,20
0x46b61e815CFA13c17F212a37238c1e54bf121690,20
0x46b677d8a8e76F4c52eA33c18c08C143009709ac,20
0x46D20376b028f9C1c52BD9B3a72196931b49575a,20
0x46f4AFd71cf9A58E5486b4bee3cC4C5C144531be,20
0x47005117818B443B39C8449F5e10E101fc2B59E0,20
0x4759eF3b29fB059aebfAD178B25e704cBcC32E85,20
0x477078CFdB4B504400d1842b68d330207fD6085D,20
0x477a9C36e2974D78B3F5Ee4Cd0854A4553bF14eB,20
0x47b3075b47FC0686C83cD0d17EBCEc336458555C,20
0x47c14CDaadA257f2dA3a661C8C607669690C2680,20
0x47C49755d82409458c21b771451db43f0E02e829,20
0x48d5707C81BBcbb283dC31e01d1E8164586C1107,20
0x48f0Be2b837CF4bA7d3E663959D6041a75C8D71D,20
0x4963043ba80ee91c3e125f0a46005220279b112e,20
0x4a0aC1bf9eC525434Bc07fb2a8AAf365B65Ee519,20
0x4a3CA7EF0C8208dB85194A2Db54695dF55F0D84a,20
0x4A9f461664D38551fa68a6B66c0ed6a49350861a,20
0x4AD9e57c687eE135962DB341e968B27338813e5d,20
0x4af307644fbb28ad6f26f3aa6b34d586193afbad,20
0x4af973Cfda5B152de7C7916b004E9f65F4803822,20
0x4b03e09A7A63a94B047fdc067eB31e84F4ABEb4D,20
0x4B75cbe865Cb09C111AD90F01dc1959aD6fDb99C,20
0x4B9A27Ac3cc172c86fcc59125c1a77dEBEce0a9D,20
0x4BC69fD14dF3A8A2643d523EaE2c82D77bCfD40E,20
0x4C6165286739696849Fb3e77A16b0639D762c5B6,20
0x4cd708eeb0fda35895245b6b793307ed49e47bad,20
0x4cEaD089957F57B97C0560cE3D9E5056D73bb5E2,20
0x4D3536B729835576ab8B95e4a0bf155c4BAbb7c2,20
0x4d380184950f2350c87d16bc1defe13a0c4e0e12,20
0x4ddCdAfeEeee9b064f7EED4d3fD0DA32C8533300,20
0x4E474dB2220ED31ebaA022215236440B57E788F8,20
0x4e64F1ee101127B802a68C0c548Dd90C1D3ef84e,20
0x4ea406625fd5d36c3e2a1a97fd8b8b16bfa2d406,20
0x4eb172821B5bC013269c4F6f6204F092D44197EC,20
0x4F08a972a4949651C3f33CDE7dd04e7948202676,20
0x4F37f35317a929B6eE00a084B94B72e4359db9ff,20
0x4F62BaD4E0Fd7185BDa20335b6746f9c28791FA9,20
0x4fd2be5F5E0b2bacD610Eb537Fd2a2b8D15902C4,20
0x4Ff67A7548FCF884D4Eb4120b9E92e1d3C8b3fAE,20
0x506Cdc3d99fFdaca790Fb49E05488D2d3b458474,20
0x506D314D1fC051195592EF4279Be894bc7AB094c,20
0x5099C8F515943114A73EBCB6A8B4d751c6d82149,20
0x50Dbd87eFb169a027dFCdf86Ca8E4b12A0eBD368,20
0x510164A1aa545e40C2d2228D0B03cD8e6CD64A97,20
0x515b5f744c0BE75D5A9425d79679Fc538062eFCA,20
0x5186723163E856751771dAf88C2cA3a6c614e1b0,20
0x519c46623bE61a74b3f19dB82be5b98146751d46,20
0x519f0F2EEd1155F4A00C7dF63Ec1722970aFe887,20
0x51B84DC066Ab16b0f16C84C6B5b984F454248A70,20
0x51cc1ae3e37bb402d4c3d753610e85e11175279b,20
0x51D6Adb9e31D459B66769A5354771b07ebc06557,20
0x51DdFfE23aF1Ccd1B8E6d03eB41CaDbcF36944C3,20
0x52118431fb2372a1E4C60fC5c514A9Fd9028a94a,20
0x526e5470239ed9152bffdf2679729391dbb5b210,20
0x52eaf4a30a8266d7ce6b4c0ac7251b3476c35e8b,20
0x5323fD2aBB1e7875A0e5F2B0fBB8077e0490cCf9,20
0x535788C44E8e4BCf9Af8bb318bAc150846bC8D3D,20
0x535FFD2D140273e76830a7596c2319ACE9040abC,20
0x53FBA21f4440Eb4B6514Fa4F9fbc9593aEa106aa,20
0x54016B0EBc5CAF4BC5cE42C1490F6fd534Fd5C92,20
0x5404da6a0ad6f85c5efca669fbcd8615aad2a004,20
0x5405dcB1c4E87C45cF101c3fEB81B41bB80551dC,20
0x543eD6291570356c650b6bA64d31B9dB036f0AD1,20
0x54485821F6e32EDE53E6769F68868035f00af5C6,20
0x544a1174a87bE616C0c947596681833831054A41,20
0x54983C88074383ad47FAA28E36D25fEc64D8c49f,20
0x5515f943A99f80f6A72Afb6c6213502B29B8894A,20
0x556fb5E4e52634D755AdAc75082eD8a2C356Bcc9,20
0x55953f39A3695CcF2C0130fAE03EeaC784Da334F,20
0x559690212cbEa253342C62D94932Cc975aec93da,20
0x55A06dD5ee79b2677BA23FA2F3e4d95EA17f0c32,20
0x55a98F3477375695a7eFB87B717E8a77C1BCC5dB,20
0x55b0808BA62809Ba4d66287da00eDF65D98E17E5,20
0x55b4C0A467102417DdEa4d7D39020D717dbA282f,20
0x5603B9484FfeF913B2eaaC715074d8583AD7b426,20
0x5673332E1f912f8338372610F61d63be87886AEb,20
0x568068dbF67d5f8AD4244AC5627341C08D5D6B8a,20
0x56cC23AFaF0b8762De7b2ca70D16a62eB87b819b,20
0x57133403bd186719838F2921264E4eB7Eccc6B4b,20
0x5721D8E2773d340a5C801Ac50257114E9E3B5BbE,20
0x572Df1fA7D2d6CaeB8F7b32C7460748E8330DEA2,20
0x573b96be41bb65135cf14319319a498fba928d9d,20
0x57B92155B8762671C218BB8A9304D42a4D243aD7,20
0x57C8f18a30485068E16fC81aCe5475ee12b2ca0E,20
0x582814b2e659ea53ddfc7dfc9fca70f77767e851,20
0x587ed4fea7777e327f40c629d909270023325e68,20
0x58B21CB5536011157d3A5B43E5A12f0F16D0407b,20
0x58B7aD4bC462B93Ae0aB0b2AB71fD15530ACDd97,20
0x58de6eC317B9AdCf0424E6D3029E76230457c1DC,20
0x590b271E7F21de7D48F62653662f2C52137F1c2b,20
0x595397d239DB8a8645CE73fc51e923B929D65430,20
0x5985a008145287B4092B0230e30815A5b1f8729a,20
0x5990bC53f1d649286868e2CA029Ae2C698ca60e4,20
0x5A440330DEC90f641CE4e34d5d88296f086047E4,20
0x5Ac9971B53ae7aC7E92B83989C4263433045f423,20
0x5b1569BeF32F58491272B478Ddd0f7e4EfdF35d7,20
0x5B58B73aB01BB6c3912022aEACB0405a9C860987,20
0x5BCA1651C6216811c5ea7dA40D070E8e2e7058b1,20
0x5c171ee3E825dd5Da6f1b3bF5550EA997Cd80Ae2,20
0x5c7d225497838fc0a30336b420b31e7796d2020d,20
0x5Ca4e4e1e58B54fd5F24dD2eD8f8B9c3924a8346,20
0x5cf306434598A574c1B61326A70246e097461AE9,20
0x5d21C73965E4A915Bb54102213c1Ac1e4fec3e35,20
0x5d4ee694394ec0ff4a0d51e991db8ddd9c6ca59a,20
0x5d5EE3A6aE761a807C131e64Da6b64a5aEAAc6Fe,20
0x5D6FdbffD6dc6E8a0b69A52dbF010EfD905fB7Ad,20
0x5Da76f3e0c7679729eACBaE9d98f995A1c214751,20
0x5DAFBbC348C58cb819B54a6903B2EE278dd2E9b6,20
0x5Dd17ecB447f51307cffeDfD467DCd0EB6521A9c,20
0x5dD64178FafD83bF47682701Ca9f3BFC8b540F44,20
0x5e2D358fD9FEcF2d77b0C006C175cFC72c4e36b6,20
0x5e2DBd515769D644a8843092231d2E27891b9035,20
0x5e8917e69E988A52577d8Eae8F4cf88bd79F5a7A,20
0x5eB035900160F5F52ad54F5254Ad749A78d00d25,20
0x5ECFa1580D2C080d7ED1ccb602f567390bACC53d,20
0x5F0e95e44aC94CC36147FBf41706d814d3186b63,20
0x5F29f3866D3B63f47f0E06056682d59AE4903D4B,20
0x5F60bc5315Bd30fd772986F949CE38251B2Da9D6,20
0x5fdFF39525D0964467404Fcfe3C8D0BE3423C633,20
0x6000ac714c29c906D3Fd775f0cc2eBe722e2C974,20
0x6002cA2e11B8e8c0F1F09c67F551B209eb51A0E4,20
0x607018827948862c74eF1e248f2060c9c077bDe9,20
0x608514d0ecdc2cffec78c8be3abf41bdc912b068,20
0x60C2b65988abFA0B90388Ada4E0Ad85E1588b774,20
0x62003ff3182d2754dcf1f3e24ad707bdca4506e0,20
0x6229a2BCb8DC7EAB67b1D4CA37Ea4C8a29c0a339,20
0x6231691E05634b8EA61eb4A667ce6c9B7DB5D785,20
0x6252f402228AfE8d18622419B89A1Db77ab1FC93,20
0x62c57F9fd92edce64fc181c0a571E23499eaC9d6,20
0x62F8f0B55b53869258A3f387c5570695d0e9673F,20
0x63052Db6e8e989C5929856121051d14b5F05dC0C,20
0x6326a18956c38D1Ef59BE8b161dF9B247d6AD777,20
0x638305BCdc5AB3962271c286ac433dB56C46A116,20
0x638716e3d1dF195665d8A54967Dde525605099C6,20
0x63a2bdf57902298a3d8729e64d8bd623650db365,20
0x6418020bBCfC1Ce4144E53B550df48E339d57d7d,20
0x643EcbB5fdB7B643FE31B7c3e316bD01f19092a3,20
0x644fb1f5b883DB1A5E42f7FE4153627070176340,20
0x646e80189bf174Fe746Bb3128A396D76c0542467,20
0x6559FE0975eDb88E16f81EcC912564fe96d5925c,20
0x664d669be84cb00fdc83535742e350fd2fb2ed05,20
0x665E7eE9f5d63300bfC4D34FA9eD02744627b26D,20
0x671747c0e27F00C88Ee4B2624b8e5adEc7df1AC6,20
0x671d077B057C743d5231e2C8f76f55283EE1f2Dd,20
0x671EF18C9C32D5a6961B697958c7e66109eD2F80,20
0x6792c4E8A9efB4AB04e73E9b1c9Bf16b7cCC74c9,20
0x67A8755CA4cE971209c8744C59Dc9adcdbA807cE,20
0x681E19Afe2D29F2344B9057bf893eAB34ca6D98b,20
0x68439d9C8311b74677E5d4dd89A70B841d0A3Ce1,20
0x687fa35627603f75ce4b9e0dadabf9b463d1a837,20
0x68a1F8eC244e45EF5745571f92EA1B077e752dbb,20
0x68D0039F9414445957D378A34727F34FEdd95dc0,20
0x6914f5BF13d7b8842485ACB0c1c81688bfd6777f,20
0x6916B71FB3b0fAAe2E86EBeD0852d298a7fCaFa6,20
0x692f075f5fdf74Ac5A01b726c8F8aE048D0B0Dbb,20
0x6957dc902e51Cf391a5bc6aD89A74c0D6e14eA21,20
0x695cfAf70aEf7Bf5e0adC43bB1013B669C977ad5,20
0x697167F6F43Eb21e66A171A4f968B1FC87652679,20
0x699471bCD47b4181e4c4948f8024E496dc8Eaa10,20
0x69a5C00859A2b864CAe2a8C9e0e420c6D40F7C5e,20
0x69fe248e470c9cfb56ed0b4506b838e61c516b97,20
0x6a43828FaAFAD10B759080a8440A3F8919C6698D,20
0x6ae59C13AAC0460dA4953336f711F8dC959f2BDd,20
0x6B7B2f8d17b4248e7749C2fD69cbfcaaE5eC1CbC,20
0x6BbbF15E9b33c37Ba146ae460808fd81a3161193,20
0x6BbD82084e0B3AA2f5F1B62A36A45f4B7f76C3c6,20
0x6c109697594B4a9A3252bf326567234244C27327,20
0x6CB0c18887b1ea5917C62D7B050423b679bc7891,20
0x6cf3C0bB276292ebd829FfAc229fE350821eAac6,20
0x6d4cb1A1f0a2009d5d457E5dc46c64909b707695,20
0x6D67d79F44C9367AA24E32CCA0Dbc394168c7907,20
0x6de88dac18884f8695d7587407bdf4377f2086e6,20
0x6e663d02be07ee740aa57f3353a2882d7c8626de,20
0x6E8a89c0d43eFd41301f783f178de24ECe9eCeC4,20
0x6f26431882f96dCd7fe1E9E354Ff3732dA5afb1f,20
0x6f64BD1f822E9Eb1558cf7639784580441789d32,20
0x701dFAe0F5e25D9f3dAF1d8F78A110E7FD2155AD,20
0x70c700f6A659f82526E066BCd868Dab7C72A7D89,20
0x70ecC01662c3922d2d478f2BD171d0FC3E34696c,20
0x71107abe00f50e95cba762b42679a7fceba5fc80,20
0x7272871a4E6eb216e58d5de227B53cC51372e68D,20
0x72a86360c1c1fee115c6e1e111c1a2b70dccb4e1,20
0x72F856b43029f35C4a42e157c2587849B3Fd6d41,20
0x73203dDB448e89890D8cDd87Be2F6325071b8143,20
0x7375645298f5fD28c1501C191501f5E8FA3b5121,20
0x73B146c053AaAd5b109B0Bc9854333b31e24b8bB,20
0x73ed63c7c4805cd6bc17042a5b5c160bec81675a,20
0x749f3aFe6e9369bAb26d41cE23297dBcD4489a5e,20
0x74a2C65Af70d0466705E1813a3A87946956c5651,20
0x74F78696CEB81EdEB8DE612708204EBcFae3ED81,20
0x7534E45D50127C3EB6bCEe8650fC1f3Db7E256c2,20
0x75D38a4B4ec0dA4C481E98d734054bA1362B5667,20
0x75d71FdEeD957A05e9f4e71e7199A8706233E220,20
0x762B1670825df84Ee06dF9aE3f2326f317B0e895,20
0x76503Dd1A7fC17CFaf24B961a95b6581A0De20DE,20
0x7658650339e38C4CC254e60CB6bFC9255305d82a,20
0x76ACc849d947037b897157cCa4B1c85Bb4dC63DB,20
0x76B601a1c43767a266be5c47312EAd2726F3573D,20
0x76b60A162B0B1b71aA66Eab402F1445c2DAD4d47,20
0x7711C59115bb06cB769788d6af2fb6061aB08d2a,20
0x77482C51cd1a799C97060195A1B23Bf44Da0E909,20
0x775ea4bf11345299e524c696e0413ce445b4111b,20
0x7763b5b3aEd592Da4bbF0e30B19043Def5498a52,20
0x777a3aa1439cd5912a9e2da51ba2f2ab7406f873,20
0x77b87608f1A62CE48D91F84a8061EC0F4a16C7b2,20
0x77cac9994AaD7Eb66eF4797d7CF83B5cbE9910F3,20
0x77E13845Dd4ADD52e74341C339C437f4a18Ea067,20
0x78066B53fB491C6D5551f7dC306a68a778787313,20
0x78126c92137b57c0F6e020e74e9E2BF488523F72,20
0x781bC0E1a6D7f4A248dc3C548cE353046C70A706,20
0x786b5ae5646A4d32Aeb13DDC098977dF40D4a5eb,20
0x78bC3C094dAfd71167878DeAE6c435D431e9f2E5,20
0x78e7fF0701904719b04b4ea59f5368ECdDe228f3,20
0x794aC564d2F7b6e4d5F79F0664cCCd79d59C11DB,20
0x795957d9753e854b62C64cF880Ae22c8Ab14991b,20
0x796180d48A03c2ef0A5e16e9DFB0eCC3F1d80AF8,20
0x796f1cCB8591DD027FBa6Fd5BbeE43771C3fBFfe,20
0x799892DE49D565c203e3CD2f6297dD872339856c,20
0x79aeFcE101739D0BBFB8f43519b03775dC945cCE,20
0x79Fa655f4c81F3d3645a7cCB68B751933A12640D,20
0x7A1Ad9dcB272d2b08D825FaDDED8562EE41346EA,20
0x7a44741E8555322374E56862Ebdfc6d208Fe7AB7,20
0x7a6fCC44244a5640387F19283c915b8F85CAB2FA,20
0x7adB4ce41FAb4953bD0f99575DDaCEDFa5bCa07e,20
0x7B05C5A76D471Ce0C9c94AFD6Fe122d934C0465a,20
0x7B3fbEE52cc1299370A2Ab1efFebb36f2afEcd0F,20
0x7B7008D6b71114e6D0181d35c33bd7834dE1CBf5,20
0x7Ba3348a6b197272D49a6b5581B6aB801bb9ce96,20
0x7bbEf814B4d05c5702D7EA7971844309a0f0E482,20
0x7bd3D2926e19A9e40c9eb0C541cC68557f6f3A76,20
0x7C0159e19023e23D08a551426F997fF3bB6D5521,20
0x7c23C8438b29F371d0818fCD0dA48bd0dc9537bF,20
0x7C588b4B311cF58028edFa647daAAb690B2fFFE3,20
0x7c778827a42bCAF7eF0d2aB2f8d7309Bb2267fF3,20
0x7cab8d94dafa3f6e1ad89ba4970d442d23dd3430,20
0x7cB6D4B403Ae077b88E4E5383feEfF7a85c0bf10,20
0x7cF08F55c52be5E175c8f08aa69DC31398Adf2c4,20
0x7Da13E78Deb8994DDAa860390d3976391867C240,20
0x7e56E8702077998c24b8C0A792f95B8D91D43Bbc,20
0x7E6c788bea3DaA006B43a4C5BEdd01cdB78EF871,20
0x7eF3B14716cb3b76f00Ac4f385aa22a0B5833592,20
0x7Ef564B0E667564F90111938dc1770EA1859490C,20
0x7F3Ad305d730f82e78C8D4256C1776408b5Ee840,20
0x7F77c4A0c523C38F204138755f6FAB16d4ACe125,20
0x7fB2b5DE9FE169514196d495B491305614773575,20
0x8011043f5fc6a9b6a535136de200de10c2f65ea7,20
0x8021db0A2006f3Fb7Ec7a97fac43c6227858c158,20
0x80c896E2E0740916F6cB9f280ac878f1C6607809,20
0x80F3705016e0c03d4a714E2FC497c370b7aa0cD0,20
0x8105c6aE13FCcF79A0e34c6E25AD1467DcAC82ff,20
0x8137E45020769cf093A42E9BFB3a6d37C5b6D002,20
0x8175387E8f53D121B4980Dc0076dFe5CB0b5c7f5,20
0x8178026B891fae0D14afbaD8a437C8B0aC5C63F5,20
0x81824810a0632f01Eb97b299e8afC692331d2d53,20
0x818bDE1c6c1BE460099cAA3d9003548fDbFF231B,20
0x82975E22b88cE8566B6B6D3b95E463BF3CCe430b,20
0x82b969ECF161cfb23fdb992D85858E00F24cE6F6,20
0x82D8e852bcfAd44288f30344FEF8704aF99Ff0b4,20
0x82f253b7bd3a1ea10439e05ef3a434257075dac8,20
0x82Fe0291da2Bf91459A516e59A39ec92844654d5,20
0x83301252A9e02AA90e88fAedCCaF8CB2643D8143,20
0x834F6Fa204fc8F7FD861CD7d497fEB7eAbd8AaF7,20
0x835a06702ec9d8991a24273c87bae77137a01a0f,20
0x841f4FBcF21b38DEC749ce670005fEdA2Ad51A63,20
0x8472801d482A85a4c4E0E11eA9578b4A12D68edD,20
0x8478fBF80781Be1Bc9F78C005924780BBe5fB9e8,20
0x847Fb7F00D653B89D4F5b7b9dDeeD232331EAA5e,20
0x850A02221260802fa146ACFAFA20ff87efbC7802,20
0x851F52535bBd1e48813adFa9aeac46daF4F1b9B5,20
0x853047506a524E2D77E508e32fB8BAB01412B9e4,20
0x85f1D88e33CdE47A7de89124B3eda05637ee7934,20
0x85f5eD4E29B30915E16CA462eAf9905F6C15801A,20
0x860B52242f115a5150DcCedD667c872936f1Efad,20
0x86434C4a65A658EeC98BB452cC8dC4e403eEdea0,20
0x86712068F73ff45b8A0a35114318B75dAD6afb7E,20
0x869a261fe8daC766928296915447D768dE4cF99F,20
0x86d601d3977270e3aa82b15abe07a9d3d6d7d13c,20
0x86e283Cab263B49256924d4232532ae4531Ff0Bb,20
0x86f5D518D9a125A27eBB3b30D65eB6F0e59eE4e3,20
0x87a8b93da630df4b85f3b77ebe8c6e2ccc83d05c,20
0x87Dee7aA689DaB697be607535b6C4384eC49fFCE,20
0x87FC8adeCD4173911E7D424FC3610Bd3Eb4A19Eb,20
0x881C98eF17755480f42FF3a94449a48f08C15256,20
0x886Fc889a4855FC0D20FCea84B4aAd3e7bDf2789,20
0x8875E4E0a66a4D4c444B418Cd3FC22007499B13f,20
0x8891994269c025Ea0116bc7680c8F81E261c3e1B,20
0x88b46EE595bDeDb67fBB9ee9B2Fb9939e8EE0802,20
0x88ba1362e57f67f13E0EB14733D9AAF6A04f1B9B,20
0x88ed8d703fF1bd7Ae99d034405eE37065d726234,20
0x89285a82f2a26bE4391ED98a20eD824509928c7d,20
0x894Bd445f1f21E848fD32903646E97b2544E3d19,20
0x897281779b6dd91f5a08f68e1cef5a59e74d8631,20
0x89dB8e69b5036EB308Ae83AaAA41989Bca526144,20
0x89eAeCC5Ada8d6a8f754272Db55eF8889066dC2f,20
0x8A04d8bBE42240f2512703f2d55a5edEB25D4948,20
0x8a3a1BE86fF36A536C412706F0a8F25f9672449B,20
0x8ABCf6242f30efAe2Dbe3acDc9d756392c4ED8d7,20
0x8ad30c34cA8753F8975C5Ecc3dE89502DB52bC07,20
0x8ad481fBEBC44B85a76eced2c40b92F019FAA5e8,20
0x8b4a995eB15016f719C008caaC3BC58DE0B6E615,20
0x8C05F4bb0491883A0d62DFDdBb5c81bF93e8523D,20
0x8C1Df1C64BF13897918816537dD07599222b4045,20
0x8c47469C70957a7f52BbeBB498b0C11a1ADe2B77,20
0x8c4a2483F73D0d53a7fdDC4D03F21b48907ac92A,20
0x8cB73f5fC833dc83D85f70060A24765Fd747457D,20
0x8d30140363C84d583b33c559fe52ED217598396F,20
0x8D69de91C96bB2b0112D4Ce3Ee37075506AEA2c4,20
0x8D6B40811C08f92ba1a537bE9b0dC1dDf3623748,20
0x8da636fc3abf4ead70efe3ab2374c98b0c1d9e4f,20
0x8dc3293a4b7d2551ca3de0036e91ed5a85c93f9c,20
0x8dEcF0B0e6E86f1C872D3978d96AB48867Da513b,20
0x8Dfc30375d255D9a4eadE3299F86ab5C89036316,20
0x8E4D39E445c3a27958eaD1B6E164907EAb843A83,20
0x8eb20f6f96B41FA9d43Dd9Ce5219321bC70dC581,20
0x8EFB779BA36e8DFeFbde9c8cD04950B81710b276,20
0x8f09Fc6f848f75DDA8d76C6d9b2cA2994BEAB9E4,20
0x8F11391A958406bdf4C986C00B3aD0CB39872AEd,20
0x8f27f8e6CCc9437aFa65C547Fee44D7947032754,20
0x8F2dd7E82467F2897f3fdDC016dBf3D94CE2863D,20
0x8F53931e8E46550045e958B1829095042490aD5F,20
0x8f693ca8d21b157107184d29d398a8d082b38b76,20
0x8Fc92C1195450394AB137e2cc47Fc58CA77921a3,20
0x9003cD3626631Ccb0afb984e8Ba5c2A7eb5d4dfF,20
0x9024Fa3A18376EBCBA1273756841E6A322A1C14B,20
0x90B1fAACB9d1207173e52af02264953982f91cdA,20
0x90c50F4021C67667Cb8774Ce6302E2a2D5707A36,20
0x90f6d2B30D8Ad620063be4dE35313e5b6896BAEC,20
0x913cc8E507C097AAcDbEbC8086DA4968D70a5CB4,20
0x9153e8C91dB20760A5dE8EF08F83032EE5360B2C,20
0x91Ac059066D761D038D9dCA58701353efaa8D70d,20
0x91C558bEe2DFB6104ad377D032B53A1118e74C29,20
0x91e9EBDA91B90DC8205E42BeCb90bE8922Ab6712,20
0x91F71e12b19f680bbB3AbAB3b8c111B46e6C16fe,20
0x9234A405B420A746eAA6631F80C8Df3c86629505,20
0x930112e8C6EAde5139fA7351DF35A1B27449531e,20
0x930c351759cfB87E0e119dFD473147812be2810b,20
0x933A0A8dA708E6576016DFf4B1D11fC689D87788,20
0x934AA1913245B39d2bC3c50AF7D839F3c3a9952B,20
0x93c7a60e10d4163171147d54e80193d0e8df96d8,20
0x93dBF4B21A53EC55E05D194baa7E4C886b956ff7,20
0x94d95781256f2d2e212e788fbcf8dcddc49791de,20
0x94E7dE147599386C67396a1bdc733eaBB2Fe9E00,20
0x95BDE258aEeE91D795aAB39da63B783eFFc32579,20
0x95C71428ec721Ea073eA9dBC9C08e1873610c52B,20
0x95FA5Cc5F4E8099f695aC06186491dB991A27B56,20
0x96378326AAC26410240313718364d04E8293241e,20
0x964f1adc4abaea983a79b1e203b5db7781985f84,20
0x966b7f9e1ea1159dfbf93ab490904eb09e3ceb0f,20
0x96c7a2d043a0380532af5cf3860bf2675dc9cd57,20
0x9723F4D2E025A0375EC88CFe39A84f2cc6543Ef2,20
0x9765dd080c22e841026ef17E875593c51aec8E6c,20
0x9782eD87cb88DB33AA02B2Ddd6E7f1b4525bA0C5,20
0x978acF1A4dCDa9C1317846815479b8aE73060486,20
0x979d23D031A23F534b4cc4F99877C001a80980Ee,20
0x97b39b89cac12C8cd194fd6849D233756A67Dc46,20
0x97BF0f43BDf40C734dCa5F1d73E509209B855a26,20
0x97E35665172e4539F37a309De6A18840fB921C20,20
0x98093145BCB0153929c3f327464aFB73085620f3,20
0x9827D372aF762723b479Bae3C673428888f4C2a8,20
0x986e1E4cd5F2b3D97030ac484b41c3fAF4EAD5D5,20
0x98902B59356Fc517E7b2B6746ECa478b8F7613f4,20
0x98935ac2d8b867286d331cfA07d18998C5713C77,20
0x98a63455f954c5993c05AF89AbC0d7e065F0280F,20
0x98F1E697F19eF5502e21254ef0997B8984122c6b,20
0x9924A2191Db3Dac662dAa48eF9F31a9EEf1d5962,20
0x9926836C6e3174e4040552b2afcE9102C481A014,20
0x992a895bf3679fdA3678AC7c00641b0217A1Bf64,20
0x996573a79CEe4eF002b0d7a22fe96ED07D07d2Fb,20
0x9993a1a1ac2b5e3be06f858358c8e3b9fa1a1e33,20
0x9A035622094Ed31c0CAa7072Fc57Af40aFdE3Ab1,20
0x9a16a5D6dd6e67c9318608E2AeD5b2779a49d324,20
0x9a23bB10Ad4780c7B89fb5A84eFCD0585f8e5ecF,20
0x9a39715da3e8192e3b0dd818a8f9e3533f39facb,20
0x9a9BAf2A4F5127E4F802CfB56a8C5b7870Cc53Ca,20
0x9AcCA6a8b2c63eda6C04D1F587c930817b4B13f8,20
0x9affA2d7b4A030CAFF46a0841131678019142061,20
0x9b3e47076c511D9C2865473D338568Ac2159a3A7,20
0x9C1a1Cc5a6B7Bf0101D6f056f6E599d2BE389740,20
0x9C678caA951a9247Fab677525d49adF7c6510E76,20
0x9c719269109eff4c1423d031e33ba6d080c7800b,20
0x9C7674a3Da12cE537Eec57853bf7FCaE0ce97CB1,20
0x9C7A4630DB1d34CCD0Fd2C8c1937AebA5AfF997c,20
0x9CD0b0487075C03899Cc90b4E1c76Fd4AE69A49d,20
0x9ceB9065435fF66c56221D0c88A59296828fe2C8,20
0x9D1F0b961A5BA5D355bDAc5e666bAaFcF00e7C48,20
0x9D2d91fECB2c36aADBDc3659Bc78C3aCEB3023dc,20
0x9d33d8bb992e590698b6787b8244bb03083c439f,20
0x9d5a52D4a28de062EB533C22cB001ea921eE9a61,20
0x9d84e6c930e19b9e65985c4878f724774f9816b5,20
0x9dAcd731c8d1e0A3B43e9466Fe86FA97B16ECFC3,20
0x9dBAC630Fe7BD76e331958146E665b0DAB6A920a,20
0x9dd4f6fFc20367aF0Fb251fb3396365BeD45F3F1,20
0x9E44eE8F8880E38daA10EaaFBDF97e1c20d623d9,20
0x9E51F2eC816f7F35751Cdb13909b581E74aF1443,20
0x9e5bD6f3977F968095fB141fc5b6722D8950bF0A,20
0x9eb2c8eE0E4f2DBF70F95c30D63351841F907DEB,20
0x9Ed6bd115508D58074e381efD7430E1AfeD89970,20
0x9eded1e4f3A47E631719D96098985fB5419cDA5e,20
0x9f440a27E3E329bbc7cEC694e46d6d8c844a73f6,20
0x9F5cb6FDad04c9B35F2884D8d87a7C203F18c7Cc,20
0x9f74A59a815157E0a43a1ae6C1B63907e00d491d,20
0x9fbcd0aad5f3127736250886ff03f4763119c1ff,20
0xa0498c126cc7f6e2eedf7a11b717736accbd2c92,20
0xa069CcC03EaD205b7D3Daf2B682b5D251a55ab3d,20
0xA0f1E58c9C562E4A4069021aE1b4C5a4963627EC,20
0xa0F2ed9c471664CB85476f93B57a262e22Bc233f,20
0xa126C8104459c1c4F12A9EFF0c57D8D9Edb2b22e,20
0xa190C8AAB9966DF252aa4e5D56Ef9b663420529E,20
0xA198F5A8359A039caB8eAE8715ca143557d59Fe8,20
0xa1a108Cad30787d4F241d4Ed23268DC170822De7,20
0xa1Af8c1288a31336513765a23b754B06CC9BB89D,20
0xa1c01d631f628772752ef0b20898c6f8dadcce81,20
0xa1d2ad1d2f142607c79f4184e239de47c55f3eff,20
0xa1D3DEd95120b8C0E5be1C809Fb55C469F0F429a,20
0xA22F4daB60fB06AD1a0619670A5edA7FE9744901,20
0xA2A88c3b73Dd901BFFDC8FD28B7449D2e1d255AD,20
0xA374bCe960d609A8012c61f9057e61532E95b860,20
0xa39c45dBbc8346B865484F48b6c5A157214F4801,20
0xA3aaC3e7F82cD8f84148514649d8bAF1A438a3C1,20
0xa3d6EbAFcaBCB407a84F0677AFDD4AE05bfb8968,20
0xA3e098daAeFE99b097F90F293438f937471e1a3F,20
0xA40FC18716f50C9e26CE1336C2128e8Db2bcE876,20
0xA43184A27e4E75a8331eCf7Bd56718073e984Fcf,20
0xa4927d2E5CFcB2eE030096Ccd7508863b2B76225,20
0xA4b437b4A5bbFDf3Ac433Bc554db5F57E02d01d7,20
0xa4c218aae210e4b6afd76336676537cd9a0a2778,20
0xA4f3D64608a82170F7d23Cd78FAf245E70d5418f,20
0xa50FBA0aA5816b7c8f75eE5712b2F1901C941c6A,20
0xA525fC85EF23aC74a0A493197e69fA1524eD7d19,20
0xA5285880DAeB3F2FDBaC7d90872836feDB883278,20
0xa587f0b5597aa61b7b52c35da994f5c411c60f5f,20
0xa5892F57ed771B29295200fFAe4A5d9B2f3aA26f,20
0xa5C146E8E910cb3e795a0CD6DF04C9803c9586D0,20
0xA5c863fCB6fcAe64992BF10e3560361BD760652C,20
0xa5cAee295964dD220f788e9eb69ac57d4C2700c9,20
0xa5f4C0743B60FEF567736f340165E2a676641B39,20
0xa60ade7d4a501aa7acea536a98a0d1745f207f2a,20
0xA61082C5d1e9Ec4BBd78e175F0279016D8fF7e56,20
0xa6287b91F5a5D77dFb9E79071bD361538160B1F2,20
0xa68db7D8871F100AC1a0662663C18f81B8073dB6,20
0xa6B323ec3475A26Cb1f0A8dEe539B2e7014D5f9a,20
0xA6CAaE8624767fDc73Eb09285AF605fc74f79CfF,20
0xa6DcA1ab83DDEBB0C6A101BbE90321Ce9C13f7B1,20
0xa6fbb00907d54e66041Ba430c981e60899003aB1,20
0xa7033a5F37d8461D3784e1B34B38A4c1735A696b,20
0xA72cb35aa27a683B5018A9037d606Dc6000A7B72,20
0xA73AD51F9b7AE7ba7Bf32c5796661648E56F4D98,20
0xa7476EC14cD663C742d527113638C77a1631Cc89,20
0xa7494ad364aa7a43fd6d55f9b9f3b5d8b44b09df,20
0xA777D0D48759ceD62e58960094aBaC75bCB8f448,20
0xa7f866115984C5d52cBEe4D2e64834875242DfEb,20
0xA8213ad427CC7C16cf6248e0653553bC3008A191,20
0xa8c0BAE3a08497C145AC466477ECBA3EB1779fec,20
0xa8cf6f373cf95b59f5a01762dfbf97c0b403761e,20
0xA917fbf3b5D37e20F81cCc98781B0772b5636559,20
0xa9320733febf2a3a2ae8a74309500fac0ea5a251,20
0xA95378519eDF1419e7BD227aAB4c7eB259f78aab,20
0xa9846895EBa293c38613901d456495267922c500,20
0xa98ecFC2d593d6F8c09FEEb6f44dFD788fE21f7C,20
0xA9c0D003Db517A47691a9795151218130b69cAb8,20
0xaa02D74f4f78eDFdb03f9Cf37C994511dff9057d,20
0xaa25be7c9fca59b7a37f54247e30eb7f938419aa,20
0xaa29bfCbD20BA2F7D8A556BA40842068F18881a8,20
0xaa37BCaDe2F6E2539f1A4D68342F845A600619Cf,20
0xaa5657E202Ab383bCeA049a176B3D77738a67dB3,20
0xAAe8972Bc3707fDff720E52B810193200FAAcB17,20
0xAaf2431655D1D5d2108f0335246577632879f276,20
0xab6a154f989b235f0bcc08f915ac07bd5bb3aa26,20
0xAb7449c5cEA310a9328A72Dc51C5d4d0d5261B89,20
0xaB76C9Fbb4F5A38960508001f4528fa6ed2D1555,20
0xabb1df843dd98cf67e2642056531f38280cd999b,20
0xAbC3e89e8cC328640B51c2Bae738200227110e79,20
0xAc1e11129F76801c0bDC97d43c5C34ac865Ac386,20
0xacb97cea2d0926f252c85fdc0d0b36aa9a2417ae,20
0xaCdaB04862aC87E38328307079Ce77fe6dE67F32,20
0xAd0cf4FE440AdA22AaCf5c2f763D9ab481174BbD,20
0xAd5426d5721094D5d3ee16c7D0C5CA29e989E2Cd,20
0xAda87c245CE2DEC669D41d1Ba1De2502CBd33302,20
0xADAa78db09f0f38ca68FF357ba5968c96B2d6D8F,20
0xae0280b2fb141a090957bfeb8d12effed40c13c3,20
0xAE0C30D167C8F226B323184a5DeD942B1Ea6f852,20
0xAe0F66F2013088a370F8d6502b027587BF7e3A40,20
0xae5dD1236021e647c266339B2F07EB55a4FBdd0c,20
0xaE69F54e329923d58359f6167E729217092be059,20
0xaE78069627D9FC9780c9a113D6C50863585B7C40,20
0xaF4d3489bC06762e2A683f00ef1758a1F08bA86e,20
0xb0b27d6c5bEb7C0EEcCbB27F089aB72Af59B5A4d,20
0xb0F408B172508E24f93961E325ae8eFE18af5AF2,20
0xb11CA9E79a6aC4777118944Fe8EaC912Fe42A228,20
0xB11E8d85498785c92982E7ff86A7276213A87d78,20
0xb14CC49E60Ef7b30AfaBADDAF5fE3665eE5e1C5D,20
0xB16EA38fC742bbA8D19e4914d12fbc9462E83b2E,20
0xb19F9156530708fEbbdd3fdf91f23A1D3248A83e,20
0xB1ae6428b05d59e4ca8641b9B7f47fE17D8dD715,20
0xB20C20ba1B94A2Fb746091c8D83937Ee35644251,20
0xB2a53769E06DB2CE33C38330BC4fdd2A2e9343FA,20
0xb2CF6BCa783D26943e4C1ebDC012b693351a9186,20
0xb30f80370683e7ec15e316e49ab632997d29302d,20
0xb31Fa9D2CE82f3649c84edC432B0F8EEd64E5aDE,20
0xb342f45B33682f4871b19A225636801f10098fc4,20
0xb34d352ff533fe9669dda12da8b00bab8f033033,20
0xb3A93483302745cF46F1f9Eaec0e76A317980640,20
0xB407d44f77762da28896DAcC405a1bC9784c8BB4,20
0xb451b0c1c436dc54b5d0b03550f1a0e4d7cb8b6d,20
0xB45dff27250721195D96e10C282Fa726a2ED6015,20
0xb46967993e7646d4ceB59ddCbC3b705c195f2c05,20
0xB47691C8633FFAEc8056054FBB5Fb744ADe013B9,20
0xB4833f8711C9c912d91f0257dA4ff8Ba2bF4c86a,20
0xB49F06508C94D34599847724629F42740A7D74C0,20
0xb4adF3f47425Cb142bd699873EdB062b74FA54B1,20
0xB4cE501a7F8877e600d4368C2D1a74B1201F52d1,20
0xb4dc409652E317E4C11D9BDAaf3Ed525DF93CAb6,20
0xB515049bDd26C7cb39DBBdAE759B67F02565D0ED,20
0xB524d755ef37a907323f59B5D73743f38557E09b,20
0xB52750cDb718be0B2Bd91F2f1a5b6D1C73876366,20
0xB5B1b8b5aad7685fa74c3fE842D24451E1acF44F,20
0xb5d5b82167cEde8a20E117093fc7FAcc863Ca1e3,20
0xb5ec482AA4a11872eF3Fc9d99F83BF7B030f9ab0,20
0xb60f9F587F7a4410EE9bF2D23B65f8DfbfCE54E3,20
0xB638d0e35F6D1e93D29af9af667A726a38A29f96,20
0xB64a69e0c8Ef4e2A445eaDA2BA1286CFdF02DBd3,20
0xB681cB0B049FD44736b9ba18db4ac41395899243,20
0xb6E34A8A93031a24C264Be59D0BaC00bcaeF9051,20
0xB70F3791b3580D5d9D49FD0f597fC687121d3394,20
0xB71986Fa8693947BE114cF43E583F7b9093C45cf,20
0xb72D115BD3c1f3ACbdE464A96a18c4f715dBDc7a,20
0xB7654C496621C9242e4b7D58BCC338D45E5e241b,20
0xb76d48FaA3c0f947a04F53B2229CdCe3C59Bef0c,20
0xB7C29994215FF5CF46442E45DEAcb9E3e7C211aC,20
0xB7DcA81CE67f685887fCD64F23f850cB45580758,20
0xB807C0dD1118FF7f64cF0e882Ca6B0c3eD3b9bC4,20
0xb83A5511b53DFE56bA5D0d0c905aAEA23286FC27,20
0xb8661276da388cd36fbfc74c75c93d5a8215d25b,20
0xb89556760f9d66389796e46c85ec40833a101ce7,20
0xB8d29b922B321120069ff8086E3e064a0Ec47B82,20
0xb8d6797668ef56a3c1140d4a5b6793ff52f1a4a7,20
0xb95c7233e0c2969f66900511895da84f6e8dd7fe,20
0xb966e59e588dafd95022a89df031d1bd92b58269,20
0xB9Cb6c1E9d425280F956CdeB9287fc8fc809825b,20
0xba0245AEE6e662e8E9856FF0703dD551E1BB20Cf,20
0xBA0a541964f6F974E65943F4d0f56D4167F1B6A7,20
0xBA63d275AA22a578A85Cb7430516c31a0Aa00eD9,20
0xBa772870f9dCe42Cd6b9bE3E8c4Dbf66F4474ee6,20
0xBa97FbFA03b349481aAd3B9Da5990ea83E95C73C,20
0xbaA99fc1Df77663C45C1d0E0A6558eAc61883f26,20
0xBAB26ad7a80DB7c14aC884A93D893DB9C32daa9a,20
0xbad04972cb732611c99c3b43a0888c141b7ba2b2,20
0xBafe188CD268c1c97bED90aA59bE7C2B1D2A69f0,20
0xBb096F732caf5Ed99631dC597dfB474bDB418A9c,20
0xbb0e0Dbea1F48d483DDb7dE0160fA7FC492E7093,20
0xbb276D6a3E3B6e4230751BCFC85c828D62151af0,20
0xbBe00F22cCc4B0fC83c2656A75Cbe007BA3949A7,20
0xBc1771c320182e545D1Cc18630712B16eD744224,20
0xBc850d16052034C9F40Dc96af835BfA3686F40Ee,20
0xbcAa74F9ac5f33d7e5a04EDBb5AaF223195B1e81,20
0xbcB5662A3d01c3538B546e54ad473E68e9787Ed8,20
0xbCdF8249CEBEC416411080CCFcB29686AB2223b2,20
0xBd017B40774Fd2F236Af99Fd30663C563Ef15dC7,20
0xbd716CdD707e77cB936Fe2d99681C7F7ce4A27Ce,20
0xBdA6f135a9E44cb02d79DEFd355e136becDE3189,20
0xBDbA597d7bEcD309FE827E489b46DB489284edb2,20
0xbe3524A651a890F10fE9c5087Bc55fda255D6b94,20
0xBE4CCC979535AC1d1a51FF1e7B3D7CC060aE0C7E,20
0xbe51c6375ca8afbcc1d5d54b6fe1fd9a46370780,20
0xBE563746f0AC31504F00acae6A8146061Ff60289,20
0xBED766378047eE099438d9667Bb8A1340CC2735B,20
0xBF49d4FfB8EEB1f30A27c8C032bD6c53a29F84a4,20
0xbf765A066bA3B37eE053Bbe8ec40B29d36C0daa3,20
0xBf90b8BE5217B45Cce1266b7b8Da021f298cbFED,20
0xBf970e507672b30aBCE90bde4520e3939d423ADB,20
0xbf98840dd5e243c8fa8fcb067e69caa7d59bf80a,20
0xbfb987451A91744B75F436E62F7ff8B310f4E7Cc,20
0xc015A6F18b69fFdfa8EA0fD0cA3933536F7efeC0,20
0xC03D01c719d6E29C800dca90DB556De74dc348E9,20
0xC04b529cf4267cd0e56d900E9c23da5F0c93682e,20
0xc057B385bDFf7FB8bBFcD1c6Dc1f87CE4D2399b2,20
0xC06cc80CeDa39fc6c8c7e8500e57a3f18bCCfc13,20
0xc08eaB38ADbB3F125573dFD750f1535f23062DaD,20
0xC0D0f1c6dea16eFfC251d06DEb901E67aC4736C8,20
0xc0Dcc3b67010585516d74ad091a926E119058E25,20
0xc0E0e05a9d5eA6469241ea518f5B5460827D1D98,20
0xc103603abf30331b23DC1a2159F24c49e3ca7fB5,20
0xc119cec7a15081336fee6d4f0a691457024a6aac,20
0xC13767a45731d7F8C7B14A41Edd50089Fe1f3474,20
0xC1718375178e66060586e8d1d325D4dF165d36a0,20
0xc20136f6fE170D22830a92839CAD2f3C87b9B5d6,20
0xc243418be056174Af3a87d5173c0b93846869f64,20
0xC28172b3C33fbD4db98337402c9D087996b70e18,20
0xC29631B1E81b73dc539b42361589954C4800d3c0,20
0xc2a927947f96a37e472c82ba5519acdee0687bd9,20
0xc2fEA9436299177F8F1C88d920d225f23E462A2D,20
0xc36000CAaD99F035b250386a43daa78488991363,20
0xc385f18dCf5E73993d521206E800BC3A99eCFFbA,20
0xC3Ae74eff0cdae9d7f16cC6B839F6e6adBf99126,20
0xc3c0B0881801e03eeFEBAFAb6b350fcd3668A3A9,20
0xc3fc7cA3892EA5dB3CFd4125F30b2f63cd5E5aC2,20
0xC40e025bc65136669376089F4fdC06250203761B,20
0xc430Eb105aEF8DC8B64DF31e9cA27977eC11b7Ae,20
0xC4351A93238DFa50B20593Ae87BcF319782EA050,20
0xC4713d4782848AA96eC6fE329e39BCEc2798F90c,20
0xC4be26B7d4253855bb0Db6717738ef98D68d63C2,20
0xc4C59C65a3eA134eAb323C801f161702DB8415c1,20
0xc4ce2602b48122034c691ec6afabb4e5e4fede1c,20
0xC50e96C3DFfbF3e2a9136392E520A819dB7466C9,20
0xC5238cceb3419F38e3CD579dD1043dC7970eC867,20
0xc5539aF726AE0f0f4953aC44FAF53796EdB78fE0,20
0xC57AC235cC816Ebab0A4DfCF9D8fA24C2C1D3aa5,20
0xC58cD0F9889150Bc76AA5DA89C1019538a239A64,20
0xc67C0d16432d99F210eFB1f7659492bD086E2767,20
0xC6E817A78000b4b470d3c3d786d03fc248EF9999,20
0xC73eA7ad3E4870aE069C1E2374254635A4B4e576,20
0xc765581149C46D2D19185d6aa8B3Db117fbF7C02,20
0xc77A1A688bc965C81c03984cC202A0B112d9a097,20
0xc7d335f7aa5690d546d5ff81439f93de801d223f,20
0xC7DbB36DBD9f10cd43002f05a880A9673E184c40,20
0xC99522bb459dA2E6AbccAC94acbEbF3C6fcB2647,20
0xCA39dc86E3D9444E77C63a83C9e2F9d637473099,20
0xCaD98b6Fa35b2F97D73f91294060d9726903781f,20
0xcb2daf06803bffba6dc8c64680c29992317a92ac,20
0xcB4B47A00285d7Adee94fAAb507C034cf507E159,20
0xcc1cc0bb5c0f52f6f72ebda6f40afb0f598ed0d6,20
0xCC2693fE51cD5E62c403d03D105Cf40AE56929Bc,20
0xCc5bf4235d0ef1085F3DD38Ee2E1274822F8AD5F,20
0xcC9a5CDeFf2D022a9E910c4C1C7c78E6be666a36,20
0xCcd5a6927aCD79068F04EF4d9f3164D471030499,20
0xcD0D3c55F30C8faC81cC958127620db949Af9e75,20
0xCd174610042aCff62FA1dB7Ef0745fd736295cB0,20
0xcd1B4caAE841AF6d32F65351d3Eb115eCFF12beD,20
0xCE6dc5F77aD290cEF80D50D896D839d21F1B4bf8,20
0xcE74Fa05A82C56e88Dd39344583a30A865571Fe1,20
0xCec9c8E2610bFFE84a4A7b19045F32735313788D,20
0xcEecAe4fC6C2B019D2daA20F1130136c5E3d4e5c,20
0xCEF28ce7884Ae973990fb826C1986afaa9319B9A,20
0xcf02c5a26b52fe9cffd48bc1b4ddc777e3270ca2,20
0xCF5dccA4bF8B02949a21C167ed6AbD4e88f87864,20
0xCF73034D72dfC107E0C04375508Ccb8FD78BC5D9,20
0xcfc657EeFCa96C85185762ed41D83f40dd3847C5,20
0xd001c44CD754bbF9E915424919e3a5915C4cA691,20
0xd206084e7A2bE505ad01fdF9636D550bc9fb397D,20
0xd24F258133848008C382e3deCaa55D67108705A8,20
0xD254acB6E8F5cA246441eF10e763E08B3ffFA1D3,20
0xd277f7af3A47AAB1daB361a6a4dB03FAD24ecF1e,20
0xd27bbfad5253607ab5f4151555778d84dced674c,20
0xd2b2a354D0D8Afe5c0bf7e94c6eA5f2A1759bE2b,20
0xd2c033432ad0757d5fe60daa7a6b105caa7d34aa,20
0xD306785534C2Dd830DE84a45B6B2D0fe47394E5D,20
0xD31b81111ce0945Dd07B16051F57d03cc1c82E42,20
0xD345501e710475588f4e325b9c25b2235D344C5d,20
0xD34EE68461C3524e63d55709383491F2b3cF84f1,20
0xd39741b6B95e0bD165a36f5968418d03d40D4D07,20
0xD3B5fc539d2168BA4bC3F174B5e1E68632823621,20
0xD3ba5E6f5b0dAA9d60CA91248058e745707cd277,20
0xd3EB0c7f04c131cf24Ce6EA0b00FD1597FD09Dbf,20
0xd412a9a6bef1caaf43451ec92e164b00bf38b3f1,20
0xd44abf4453853b646c1a076628a63befeda68f2b,20
0xd4560bbdfd9258d4976d5fd5ff1e91571f7fbfe8,20
0xD45Cb585bB1A76E90dc8F827510ebA13Ee452971,20
0xD4C5aD97813a06B5B48fe35D401E5be9F93a7cb0,20
0xD50F29cf08Dc0D433a2ad3189682BC29972ea1D3,20
0xd53c9e50298c7f8D7E7052900A755A6429870C23,20
0xd554b66dbBC98B8713CcDDCE281a72714B88204A,20
0xd56216Efb4da14fC612966C3289A95502f73AEf7,20
0xd5C537D54941eD91068a6c17285725c3c3E98213,20
0xD5dc22ab50D618e6660f5041675acD0338cC2250,20
0xD60D7742CEE8bFAC4b7E115e0E9AB28ef5c73844,20
0xd60ed66d68aa7E0C9086AE268FC26c3918E7b3cF,20
0xd68755a20268c7f94390ae32bc02ae307141de07,20
0xd6F4fBd4Bc269982D1dF0E00b8124C6F3C2e4CA0,20
0xd700A4C3d1502AC21C562FD9Fc3032b4500250Db,20
0xd72e64AfFe46b5dc44F8Bd1a23788eF0CacA2c7C,20
0xd74fe6e66E1833D00Fba1DDcCc52D2A11a3ab793,20
0xD7DD1Cd9705510f5d3a344b428CF8Beb584aA684,20
0xd7E5523915F388e3c4DE11F41BBA85839FA8D07d,20
0xD81A3c0DBc148a7d097aE1e290AC6854F4bec7b1,20
0xD83cee135587d44bb9A061e0b2657FBD4E50676a,20
0xD86B9f488D34cd1245c5D12639e86D9D186a15d6,20
0xd880498422301478A4e8Ba585dEbCe64199ee5F8,20
0xD885dBAbD569f2c5009dAcfCC2b1cA0F121c602a,20
0xD8BaA52d4e8D3B3E74f7455a8bc1E4DDF8B6df70,20
0xd8Da8D62A9dCFb40174729C04C75bfeAA3039576,20
0xd907cdA4F769179017422f1D3957cbA6B0FdaA29,20
0xd9089927a8B43E9Ce8f0a153f96DdF52D3b31cf3,20
0xd921A0ddc8E8e2975C435945e59E845e221f5ABA,20
0xD934d6b6Df0f0308a3Ea050Ec6656582e792880C,20
0xD943439035892A01d82756E7d941B788ec53E0E9,20
0xd94fEC75fBd70D6c959eAA31016F42fca278de73,20
0xd9a914cf3907670Bd05a6A28ed658D43577eDCC0,20
0xd9b409bD344546A5Ee5EdfCAc0Def49F050A5c7D,20
0xD9B492908E27dFC1A34a2e77d16efbF7192233AC,20
0xD9f2981B743D552Bfdb0fD8109B69B38124b6c14,20
0xDA164b34e0a060939119D6B87d5F852703E98092,20
0xdA32D6D69321B08cdBA361bB9Ba3Ef155084eF29,20
0xda62b150E4689A09FCcC373BBB6EbeEAb7395FE8,20
0xdb020204fd6D06F1053A30DbBC59f539bC82ddf3,20
0xDB10C956F15C68Ca7Acc217D877F351d25c54832,20
0xDb25FF796E694e2F6e11438fD53A0813Dee3D5A0,20
0xDb2b0bd9eD677f6533B121C541d995176FD20C23,20
0xdb38dD91a50A775cD7a9a7fc9906ae910ef5482e,20
0xdB39FA8e7D6D4BcC358B8aE861614c2789C2833A,20
0xDB4DDc9D3Ab483C1D566E1Bb43Ed8B76ea4A716B,20
0xdB5436f0659bB251ac98BD950B61a72f9f50B7de,20
0xdb5c380a6468da9ea1483a88f4714a57daa84f4f,20
0xdb7de787a2dc0eb3908ce696e378f69858f629a7,20
0xDba806938A75349Ea96bC63E10dcCA7Bb1802EF8,20
0xdBd9d5aE792Ec1f406F0AC595649434EaD2c7fEd,20
0xdBFD475dd4226bC8dAEc610e562Ee7663f18CF9D,20
0xdc57397FF8507f9c0367CbbCe5EE17e3c318113b,20
0xdc8e369d290f36E412ae189898600647aFE4A9f9,20
0xDD1050b0eC58BB100a1Dea5529b121DC6B24E378,20
0xdd6ad47d41194ff7d5f234033fdec9784efd73eb,20
0xDd9b2331f18B76fbEecb778b401468e567D968d7,20
0xddAAB1FC0a003e945e3E4315AA3806cA2958322d,20
0xddd865f3ecc4b2e09f7000bae5d255426023d1a7,20
0xddf58B3c560C5a095B76Db16800Bfb308942d7ef,20
0xddfad57f0319dd96d82773b0102d2dedefbb0515,20
0xDe1c9230FC52f68dDe21074b97548A618730baB1,20
0xde1EC83eeF2A7681c25323A1016cBf503E250615,20
0xDe23910c1c8591e60dCC29F898f155312C96C9dd,20
0xde30e34c57DEAB14a4E9e07b4BD15Cb1f743b4Bd,20
0xdE50BC408dcfa8F64293F5500bfc5D332Aa94f74,20
0xDE53A7c9b40fB2a22671Ed7136d53169cc562D47,20
0xDE654f136A9Cb9eE52A07644b09CfE4526cB2eBe,20
0xde8DD1ed8d58917fA1aa8c7cb444B0b43e3c8189,20
0xdeafe8e4290C65002031524c138448C42F93F45e,20
0xdECEeAe2DffD3c1f6B9E744C0d4eA5ddc80ebf5a,20
0xDF1C7f97A6270348aFdA5C41EA67545A74B95422,20
0xDf53C0e77d70211DE5750eB2577ea89b49E4140e,20
0xDf544cADde7D8B8B68A5dD7101111244e3F81108,20
0xdf56AeE867007f7751F4d0654a53b74070599d63,20
0xdf785022b5eCcB7Fa9d06C0deed6A7986fd3C908,20
0xdf79806fedf5d81399b4103a490f18109a9b5afa,20
0xDF84F391Dd2e3A212d88b491065B25f3aB19A441,20
0xdFDDD4aE550C4DE596dBbC8035F1D1647dFf8b73,20
0xE0B246c88877dcF80b5DA3041f22318bD4706db4,20
0xe0d5Ef0c13a2f7D42A52C8e11E223bC1Db551149,20
0xe0dbd0180A2F852B18F691C5545064537D637357,20
0xe1221394ED5eF8Dd6c4cDdaeAE4e77eB3cb8B886,20
0xe12c95Faf4656bb4482A9a840901d688F90bfe72,20
0xe16ccccd2d1cb8e329532aca2dca63c9ed4af794,20
0xE1957B4b2522c71A0D2A2783C7C115b6466B2f3f,20
0xE1Fa16e7c50930d047BAafB63152eD560F5485EF,20
0xe233ec89a176576137f909efb1b33a10d54bc340,20
0xe2635b43dfE581961eb500fe82a490b65BfeDf0C,20
0xe271abE830fDE7B8C707062380d22BC1e9D0bFaf,20
0xE290a6bd8C77E8511628d7a775B1EfB67c62a5Ce,20
0xe2a896270f2557c4a6594fecde9c5ae766037306,20
0xe2fb653ae0c864715ad3a308d3478538ab23b784,20
0xE32198eB9D53de8cff08F220F1A71981fCd51B95,20
0xe39fd67E9AcB89CbE8066ae87bbD40145bd98282,20
0xE3a96dDe1612FCFc53BaC9D3d81729Cc980C12D5,20
0xE3C2c4806753153B2D73A2828c2Ae0Ef8dF0dc42,20
0xe3f3f50f4bbf7d59634ba02d719a605f32af9767,20
0xe4188ea54A7DD2C4CE44C07FCed48615c7e308A9,20
0xe44a618FC0968B3fF6f4FBC59b12FBdbB7d27DD6,20
0xe45e3f74e074df1488af53122cd61629ca87ab79,20
0xe46080b6ef4d556bd16e66409d05c77c9afd5b76,20
0xE4Dff9Aa07c72275c9A06aa8a8B0CB7ed36DCDF8,20
0xe5A9D42a8Cbbd86Cdc07cfc0152c8e604A866812,20
0xe5BdcB8aA91Acd16fe70E67Da1A0D709383c122e,20
0xE5D85fCEB31591dbb76f5f197Ac4388C2Db0B0aa,20
0xE5dE6Fa8294D345EBB7DC860a2BF5547cCaC5F2c,20
0xe5Ed8E752a340ec1edBB5A33973929B986F0a0a9,20
0xe621a1e992b58A90Dc0C65616A53CE0BDC1c1e7B,20
0xE649a2E05FFf7818D90A2975a327BE7a6Bd9e914,20
0xE68700701101F55B455A403d7dFC4a1fBb30Ff01,20
0xe6A7cDEC4405d30Eb711d05006d164aB0f930fb8,20
0xe6e1C8Bd552c8e462aa7CBc2BFE99AB2E08c10d7,20
0xe73b5302Fb5224B419be3732660C7f9bE64e0B41,20
0xe795ae2db947cf614b33e9374f30bb92cb59d914,20
0xE7dcF2B7bb30C638c67c3C2A6f3bb18335570B92,20
0xe82947bbfb9797eb10724215f38fb55ecd68c8a1,20
0xE8537621511Da9932cf7af296F58b4c1c3967713,20
0xE899Bc8ad8D5a55FDc9B6342e314344EF588A0ca,20
0xe8E5a98E59dF4d2BfeA3D72f9C1995cA62165A65,20
0xe93cb473d200D756fCC5aca6AE53Ea61cd464771,20
0xe980C72F00958D512f6541317200ebe02A805BA3,20
0xe9D73635b1373Bc3e0DeAE5A153FD40587A7D634,20
0xeA1BC7f7b2467Cd6e500386e49459fda3Be97ebD,20
0xeA61B805c42b7FeB1D3d8b19cc88e5ba9Fc51125,20
0xEa7185e7d14FEadA97c05F9551f3761E32ed22dd,20
0xEa9de1fe36FcF890494f3182ee9CA331a73b4dC8,20
0xEaA58EA59aF52b8b24C82ADf5B3801580271e238,20
0xeAbb7Cd59e8EE2CBD6DFa4Df4044438613eb6E4E,20
0xeB642DcAb10cE9Eb75d4ddC618c81eacd03199Ce,20
0xeb7ebc1db42e6a8D8b35e590Fea20DeD391F6359,20
0xebEbB4F757ba19A233ed95D121bb0CA65EE54100,20
0xec2df16D5D432D8df11a818009Fd2Cbd573f7Ea3,20
0xEc320D5CF19A27E56A8c2284fA3ed10a08F560bC,20
0xEC7070067a3A8A8286AD0Eac38222DF12E95012D,20
0xEC712Ce410df07c9a5a38954d1A85520410b8b83,20
0xecD537A523B31D3450EB580eE8F0E782602DC765,20
0xEcE38558267f1C71B73460d802e0816755263997,20
0xECf04DFd7ada7f28D3EDB9FEE0855F4C8F56caad,20
0xED3768899fcD691d7c36401C91ba2edBf820Eb9C,20
0xEd3D1F1E2177460D55D402E210e697cBc9F01D47,20
0xeD4C7eDf17926193afa040AC4B3D4BEfBa33A4be,20
0xED90b049dF942D6576030A5a92676D19d7f00Dc8,20
0xEDDD13C44F9971F2C88C5ccfa5662b82F75CC5B7,20
0xeDE2376AC48Fb71284A1a75574e9F874984cbC3C,20
0xEe160737Bf4cE8E59E4D8F4aE5Da90CCB24E9fF9,20
0xee25879fbf1461476479632cd933a7c344409612,20
0xee5e4f1E9C2AaE3c3ffAB286f7c396401a98A44d,20
0xeedcC4D7d9ea1C9c1d1944717a1dFc73663d7D45,20
0xef09b99035dd980117cb048caba6bd9384c0c33d,20
0xEf3a7C3d89d7274608d57b9Fc10eA8e5A3271d78,20
0xef42a60D31577a852f71Bb7A2C959763A5D65a75,20
0xEF42c68F3Cf8D2B410571e915cE2b3f91683871e,20
0xEf58E5EA521Bb457965AeBd6fcfD3864D4603616,20
0xef6ee1eCe8664605493e69De51F490c096BeEAA7,20
0xEFe356Fc47790DD29c755785136e4C9cd0965DAA,20
0xEfEC2F5E7A510E0f49Ab0Bd8E68E22b058cAbF4b,20
0xF027816fd916cd486B267782BD286b48834a5C86,20
0xF0360b96De80A00256472f9aec1CD57B89A7962D,20
0xf06bc97a23a615c631651e5d26aa996e2d6e162d,20
0xF0e03714b3F7029bfd5486F8e49083CF64AFB044,20
0xf163dB9b2ed66aC50c66baa3fc8c6a85f6d065ba,20
0xf1738862a1d8Ef07f3388AD0796D6558f762Ce39,20
0xf1D9302674214A051f5644cE40DEf36e0CDC1E85,20
0xF211c67a550F61370aB97A9406D856f8dE88DE7F,20
0xf27e07c4eff611b94cf3bc547915079e4d29d1b3,20
0xF2f2C53cE70EC6D9785df9377BbB724A89286210,20
0xF31314E87359704F8894C75131C93FfA6e9A142D,20
0xF372f394aD9507F2A87062289f2687215609c56E,20
0xf3af4578edb416b740da6d28057e9becd6945336,20
0xF3b8CC548390D5f551E31B42c4d8b1202BAc206B,20
0xF3bc39cC638be2B321132647Aa72aAF965319f3e,20
0xF3d54b5D6437a0cB002A568D2319A073C2c6f557,20
0xf3EC1e9456B0BeD5807f6d3C680468AE03a7Ab66,20
0xf4504582cE3D7dae1008DC7fD6F4CD3b9398758C,20
0xF46C9AF77C3c5Ad0e91c6CDE20FDaFe654E44797,20
0xf474Ed6d721Cb93dcF9F75bb99d923AAB4118f86,20
0xF4Cc5A237dE073AEe546137aE6532D206F02A470,20
0xf4CCF70c77b6507d149A79dF883C367f0d8b10fA,20
0xF4eabc617e45C645B8781C9AD18dB62CADf2A884,20
0xF5072CFfF72150d65A2B489F3608b08fAa159394,20
0xF59Dd947FC1c09CD7f125dE09c1412dC23FEcb1E,20
0xF5a293A14E7817b145528F1106861eB449352621,20
0xf5B7226EECC936349dB192B3cA4b4aC3bb7f4EaE,20
0xf5D14cd2deDDEa27E51A9f19d00a35cf3BBd1BAd,20
0xF5D72c32ED0F33f2d4f8fA8C5AEe64e0a1D494D9,20
0xF5DaC82326C1596D46FDAF332340c5Fca587fFaa,20
0xF5f5D0AcE2f4e0A1ACda4451B45bcb04A8818290,20
0xf62F36EFBeE083DC4b9688093A46C8dd3983E8C3,20
0xf6999a3f33424c37F6a893cC9690038c3baC2009,20
0xf6afac252fdc01ffb2ccc6788b66bed408f1d9d7,20
0xF6bD6b004C84c03A00b55e170b2429D2bCa81b9C,20
0xF6ff90A72e5A81AE1D15129244dE6C18E20216E2,20
0xf7139134b81Ba30e26196B4E2f848e5a11BCEbA8,20
0xf71cf268d436112840f9b8C3024447Cf8fB7C308,20
0xF76897b21AE3fDE4F6CF79258761b46004105b00,20
0xF7740156D1aFA94cb00904F4930B708cc812D07f,20
0xF7C8b78ac1c6aF55db16be91e9AbF6609EbF3ad4,20
0xF7CaD28caF45077de712eEd96e7F5eF2991b676e,20
0xf7cF97345A5CbFB808830d1DFE18866001160a88,20
0xf7d432034B5dA65Dbb34ca5233f6227dFae3e96E,20
0xF84Dc3eB684e032cB717a16f8c30457b9DE179bA,20
0xf8574d51C197825e8e19C424707320f6f44e8B6b,20
0xF86c92C9cD85B80FB4473B060a4B7d5e768E0FBB,20
0xF88d5a0fFb0917185B27A4f26a2fF7300e234aF9,20
0xF8B5B5AaBCb016956782f757FCc258ea9131B203,20
0xf8d0d225f6fBac16bAf7F3C518a0E12F9225a30b,20
0xf9c991E5E84954561A4625A0DC0D879Fd7fbbebc,20
0xF9ED6027d8c5D8dEB44c889cCE2e1fA4228C40F0,20
0xf9f50CAE7f1Fe07f613f6aa8972Bcf60a08E16d1,20
0xf9fD114091bB4ff7228C31eEbbC641c19C2131CD,20
0xFA9d0DE634Aff3a2948D50c281cd44D454CE058e,20
0xfac5588fdc0c18437079e410557ff6ab039c7a4f,20
0xfb15339d187A76AF62698F73D700E1F8536f03BD,20
0xfb1adecbf6b4bcf9caecfaa050e8ec2c908f0221,20
0xFB37d413B97EeDad5b14B3e8f2C08415359112Ba,20
0xFb809c1FdfAF68784a13681a7092751bFB87746f,20
0xFb9fE2e630f51EdFdDa455aE2B8125367Fd7E5Ae,20
0xFBaecbAaD1F99e9f9Bb23d921Bd2f8070fC56b28,20
0xfc1159afCCC0B7ae6D71a7a92444e0f422Cf5619,20
0xFc1F41b73Cc63dBEF014892BcbC05fe60492eB96,20
0xfC6773be1DbA3f69ad286b3994897116e2A03161,20
0xFca2Be4AF4Ac5255Fc2c905B0c6eD771349c5588,20
0xFD007768770623cB5D2B8B9c2DA5F22c00e5E794,20
0xFD1782D209b9Bc0E5737B3108262F8a0A732e71C,20
0xFD564E40fe6Befb91AfF31A611e1af0958F7dbaa,20
0xFD6D7eAAc905AE6072Fe152e309C10065dC87ef2,20
0xfdc79905818Aa8e0ff637c2627C98B1E8B5A54b5,20
0xFdF2e4C7a764D11D8abfb274A8B2237B8aD8CEcC,20
0xfE3f16B1cB7CE908B5386F6643a691526d2a0A84,20
0xFEAad61317241AaA75A6b195873aF04553EB1ad9,20
0xFEE86ad5f76f546A870d93F44f080E67458B6402,20
0xfeFcB546B80630Cca370feFefD3EDe15069b44E1,20
0xFF0EC57D0853B50d74d7e8F0FC607bd56A72EC1a,20
0xFF170bBAa478Fcb0c16f1bF87A22D99EC268A7c1,20
0xFF8F110C97817A058ebF41889c696b8DC6a9172B,20
0xFfA13dAf5b32E44758A5c4882f4Df2612c0311B2,20
0xfFFA889f71003F256F0E14B48e54FA2dAd1F2ff0,20