0x001468e47c32a817fa5af34b8396cb87e4093167,1.4741054357519214
0x0072aad975bb4c574436e61b9cd2f32ada75f2dd,0.0
0x007d833658cf94bb654571ce0ab6d2b624ee8ed6,260.1362533679861
0x00c73d78b89ce9b99f5f52a6870bd837c8f4207f,260.1362533679861
0x013c91ad616cfc4a53ca81f1eb7ab23255b5efdf,260.1362533679861
0x01cc90aa6b378334324f47c12e3925f842f36656,0.0
0x01d474ed16dcbbe690c6c8f92fffb767d89baec0,287.88412039390465
0x02043940592c9dbebe4c525888c3d8e9b0041fb5,282.3929061829506
0x0226a82ec6268b6dc4482aa52e237f0c7dd99f49,256.72082380268233
0x0231cec24ded3eac7d2b370471b52540fc79e1e9,15.64792974535722
0x027817b919b21ef2d1761b7f3c10c873fe1e6b25,260.1362533679861
0x02de84c23c7ef84d96096903c218a624e37f60e8,260.1362533679861
0x02e504dd4a95fc1679b09cbfd540fe576e9acbcb,221.8453744845519
0x02f624e7bd407cc9d67de3a4fee2909c0f638fbd,148.11015905441818
0x02fe05658aa96ae6fea1a9b80a312343e8c7081f,0.0
0x0339736bf90214f3a233035e8bbbc33eb74b6bfc,256.72082380268233
0x0365ad837b20583a235b652cfce03987561c9948,147.53969907428538
0x03ce84c748e80c5e3d1d63d38b0d064b6bfc5ebe,289.0402815199846
0x03f1d041040a0d22d42130db4b66552c69f824b2,256.72082380268233
0x04629973c3935a49bb4f769b90c4af8523299cb7,212.04979884470532
0x04976b8d55b1429bc6f97e187d6737fd3e165be4,0.0
0x04c14b7c68be3e3e09c28f58a13dd78a084c2804,7.341623150607608
0x04c40a7456167e7d29927ed12d2766d6fdedb2c7,260.1362533679861
0x04ecfc3a487a0edb4aadf194d631139e5a45caec,260.1362533679861
0x04f7b1fbbb8b735a41ae5bdb845f56b5b12c2a71,257.740272806891
0x054450c8ce8575d650b0562a251e19f8ec975559,260.1362533679861
0x05e398a8b7f88aac0d75029a834b4513148adb45,219.70881232298038
0x05e82c070f37177174b3c3f6cd509f2a0da47c29,25.8714680799573
0x05f4220e240a0bed8a09491030aece1a5478aab0,204.5558737823333
0x060e0c204c5878b8fa759b7a94879d5e42247ae7,288.9246654073766
0x065dd0c84732884528dd3fe929b69fa91edf555d,289.0402815199846
0x0660230913426c07b7b57c8c4527910bd426b999,260.1362533679861
0x06709788536a8cbbe78faf041dbee61bb1e33cf8,10.349315325824431
0x068c493fd34ccdaa6e325037e616af6ee038d8d4,269.0651495923094
0x0693c490193f32613584ba992cf406ff628b47be,207.89668944355455
0x06b981f4ba6464dc382bd6d4e750dc98e0d8f328,260.1362533679861
0x06c6196b4122776386ebc6af894b0da387d80b8c,260.1362533679861
0x06e78630e1350c3ef500505a79389bde830037e1,289.0402815199846
0x06ecc7c5d8f768723a9d175b35be34d5d04fb766,232.99012552521788
0x071da5c56b930c58606b60b7355ab3ad672962ac,260.1362533679861
0x0764d365239a3a10b73453ee3335c324b35ed0b3,221.8453744845519
0x07ffc87469159265e28a12d80b46d4a05d8b5928,252.3313347951491
0x082a58013c1d09776a332d43776a7ff6f21d47d7,7.1809157384304925
0x083d394213a5c49374109d37bca27a53356b0475,39.84986005339081
0x084c52c1a01ee0566d0965f885a04f8307680431,207.45828616534948
0x087ba50ae8d28b5523c8904ff0295c3dbfe31d4c,223.11193398301242
0x08baabee93f370282540e034f936e204915004a7,260.1362533679861
0x0917f0413de7f6b4d50f058fb925e9a07cc7139f,0.011475834925330887
0x09276e30b224714227b211a98112bcd1a3621c4e,0.0
0x09470867a7b2c5d121fa46562258298e71e64163,108.01501114034875
0x095db749a3ec9117d69eddac86f977b1b8d92ddf,260.1362533679861
0x09693ce7933a5ab403374f3a2f7725a0039f4f35,187.1915869587692
0x09811cd0fd2cb48bb02e681159e84328d35b6f4d,0.0
0x09a5686c4af7a2a8ce9f2d010b92b5e796a929b2,14.397223130306259
0x09b94cf3166095830e52be06da6fb2beab77eade,260.1362533679861
0x09c0c65d74d900bbbad55d20302ff92daeae6959,260.1362533679861
0x09d0d1680c4e73d42af7111c22644bcaf59b5c6b,193.39000743803282
0x09d0ed686de8ec18311489ca6c6cd54c194e13e3,260.1362533679861
0x09f52a06e2118b95cd44e5a9c4952c5d325c5290,240.5562709480823
0x09f846c2619c58a09f321432d8b6416a99d4d2f3,0.2722566115251451
0x0a313a8714b7a8078844404182f4182e8c10d320,274.57985371863265
0x0a77861f944c913fa164d2d378c98b5562d28382,260.1362533679861
0x0a7fb5faf6001426f7e0ae81c329800fdd3b30a1,59.0684017586742
0x0a872a5ee58ccd04598d906416c47d61f5869586,260.1362533679861
0x0afcaba071f17a902f3b0d13c8e9371f2ee96038,34.41819562311052
0x0b730d9cd3741bc9e507c86b512dd0d8ac1587b6,139.05059591355692
0x0b8981ecdd5742c24c231b7f3bd1a68f72922897,260.1362533679861
0x0ba0b511715e2eb38e80b3865f82c93c8a426f9c,218.81395074607892
0x0bf082bc5c6d91f3a972010a7161e91688172f26,268.1235143214241
0x0c8201c793ddddf822795b8ade08e5e88985f37c,219.62794211846492
0x0c8a41864380fedd58bdb058d5fc727a0bfda008,260.1362533679861
0x0c97c60c02df67501894a7d905033a3afc266ac9,263.7442738979656
0x0d2307bb8b04c4e7e356d62bb75231abdeb23843,117.8750243458436
0x0d7160ab1e3e7da0c04f6e3dfda5e20277a87815,260.1362533679861
0x0d76d81d11c229ca1048de77b61b25a9850d4df1,150.85150819530077
0x0db7e8d2d3e491ef94e524940e25ed899666b4d3,44.518150582162534
0x0dd584ab35a5ed94e2b26db53eb279589f451c66,268.1235143214241
0x0e729c32fc6f16456b5c883c1b8a5e7b5a0bfcb9,248.97236790871492
0x0ef1864b0165730d8864afacc5695413213ce663,216.26412485994913
0x0f4aecb369bafe734dfb2c43544573bcfbc23064,260.1362533679861
0x0fb9ba0474fb0a0d643911c71063c70bd00071c3,0.0027096838429510857
0x0fc2783d625d99327ff7cd036ccbc8757433de06,260.1362533679861
0x1003174ccebfc1be8a1e08b170d116cc4a9d14bd,56.918244355666985
0x103ab0b2e79a1b558a590727726b7dc59fa614c7,225.85509633922595
0x105cf3a1121f581116e1dd10d3bb32d86c7dac1c,2.3894070088721424
0x1069f2df9743f634fdd69b33fd5cefdbae748d67,262.19867049592494
0x107e6c9848382016e0138145a81112f68afe7e0f,2.388447297553307
0x10ced7c7ca87f4a1319c720707597d1012a9959c,243.5285406452167
0x10dd91de88f7fd41622416f04d243b7fe493dccf,260.1362533679861
0x111b4e23f5d176079bdd2807b8ac3f1138c2ac3b,264.96884905794616
0x113ce856a9cae463338fddde5f112436a5d94b7e,202.46532362906356
0x11b558cdf2973b7d2d1d486eaaf042d165267952,257.5920249116903
0x1243caef723188f07c498bd489c84e951e2981ba,231.3767314270165
0x12509e8a7524841468572a5b40ec271727bc4976,1.820953773575903
0x12e5dc5f4ba2abd1b21ad73642d2e8d473f5c4b3,152.07922312404702
0x135d7b72a87eaa4f5aec16a0e8fdb0674e2c86a4,104.33641945869893
0x136a57cabda3757ae2e73f9fa342ca49a76401c1,267.8688403797968
0x13893f753c44277dd6bf5d865ff89155ecf7d20c,0.04725472140693936
0x13e9dcebc53e53c733b075d4a167b4dac3d6881c,194.1614756994725
0x13eca62dc350fcf76d2bf2136cf61a57c0256ad5,260.1362533679861
0x146a873a68cfb7301ef237fd8c89688b62e813e2,46.050336803706266
0x149f68f6aad70b03e38bfe58dd539a6919a7ef66,288.9246654073766
0x14e18ee5cf7e64a26efc210c961050806f0066bd,0.44520657626393645
0x1538ae993619e2ab3820d41fd805e5fab1ad6936,0.0
0x155d7a22224ec55c40832debfb136f76b78f96a1,260.1362533679861
0x15b0958917d945288f181924818067e4dfce238d,1.0116409853199462
0x15d7e7d3b8e4dc8b7e274beb08f24360c879e427,217.55050394534476
0x16041a85ab06cd4efed672bbe59eaac6f087b368,285.4998700565829
0x16090e87f9e111abe75fc83f19b47a802f5466f8,247.12186834676936
0x164ddb1bc52c2d07220222d026503fdfd3560c8d,0.0
0x16745c15fbd6482d9d2debdab8de90d2a8c56ba3,108.01501114034875
0x16845ea349f85ce54f481b058c330863aa09c7e0,260.1362533679861
0x16e9809ba06424c84ea32272d881ac9a8ff017e7,260.1362533679861
0x1700ef9481e453c258566009475a72d3bfb2d2c7,0.75150473195196
0x1702ba17cbba37d06fdf4bf45a5dc6ab5d30f72d,221.47469915455065
0x178453d59890e0142437bd566c128fcce0fd7233,6.275956834218064
0x1795e06a1e02e3fa37b4e761ca206c74f1ae5564,260.1362533679861
0x17f5a3a91b8b9be3d65d0f9323137f31652432d5,211.2352956003442
0x188ed9c6820e90c3d73e9e5ed828ca4b242a0a34,256.72082380268233
0x18ca61578acdf1657da035d041a0def89ab7863a,288.9246654073766
0x1924628f755cc35492f2052fb9088b64605145f8,196.3304655156673
0x193cff39fb5339c27ed2f198f82b7ad430a38db5,28.889023611126735
0x19443891cf25f2d06c3f74bdac28f3fffc9ac3c5,278.4307564331494
0x198d1e324c945b12ccde52c7cdc529c00f115d2c,260.1362533679861
0x19c8c0e025f5c2511a0a8890bc01f89af341c38b,260.1362533679861
0x19d301fc755b3a9527133a35115f74cf2877aaae,126.24126736961745
0x1a062351728436f0d74b438486117cfb7dc08674,158.46703426611163
0x1a3f28ad19d34ddc61002eddc832b5a65064dbd0,256.72082380268233
0x1a899056b9ead5eca0daf329bc411555fe7ec021,187.1915869587692
0x1b2e6bb80b0b70c331920bff7be2ade9774d9c8f,230.96272836136697
0x1b394d368ef98ddb95efcd358f936e675009a8cd,260.1362533679861
0x1b5f3f5628c4ada879d73b613c188b944eac5eae,260.1362533679861
0x1bb20387694df946b252a2160d9fced943b1486e,260.1362533679861
0x1bf44f2b3dad1fd189abe6f72d1f8fafca63b237,236.4161268070339
0x1c908def5b16f33c93a36ff262f7c3da1a8841ad,264.5666593853684
0x1c9f44c2ecb3b28dd9c39ee966220e51b2efc419,141.84211231929174
0x1cfff3f140ad01595f5444e789de9803197f2ce1,260.1362533679861
0x1d01443e04bf5cfa58c0bcf4b985e021628bb8bb,283.9049342350071
0x1d11ccf30f7828a7618f6f67fa12fee369595be5,260.1362533679861
0x1d52b3092e91a6527d26029a0879e2465206bfd3,2.880406012497589
0x1d611afbaf472ba3681964cb88039793a9849eeb,0.012079826237190408
0x1d6f6d3d80922e9a33551e81886736ed28330c86,227.13860306864817
0x1d854e3a7f5eb8c4be8962764515e9aa0b5dfe26,0.7407348499446265
0x1d9419336ac2179d3273a386b873ae0312075b6f,0.09061764986297702
0x1dbc12a1b2fa5e1ddb9465014043337418d97e33,0.9190158946336774
0x1dccbaf45a0b7d510899bba0d5e9cfbee956b201,272.9595139047549
0x1de684440cfe6a8b563a1be57ac26c940a87cc4a,260.1362533679861
0x1dfb629f01030e5c03f6a9455e17c4b61b95c763,257.8177163601542
0x1dfbabde0c0d82b29b6f97b771467db3b5e0855a,218.52293494113204
0x1e2c6826e726b10840e551066d7b00d4b60d908b,260.8612705075814
0x1e320fcf4fb70aec790e7fc234bb4ec33de720fa,260.1362533679861
0x1e56803a97f1e38656d8ab19c23f721a91212b9e,166.27481976020871
0x1eda39a709b967ac6365564a2cc8ed2b0c837511,66.07409731333894
0x1f9ebc07cc103ba561312453e713fa4ee624a77a,181.05958558669408
0x1fbf3bdb57c0939c8b76cc7b4a8f0ce3ce982dea,153.36931372220792
0x2026a52e9c70fa56cdf0789f3cbb7261fb21412e,260.1362533679861
0x205b17b70c3674f90f1df6f3dd38f8098f39f81b,260.1362533679861
0x2091026d5f58b3e1365fb7c2892246a6535e3f37,250.29339666951833
0x20a28564491408cf2e602044ff3c4c281fd9dbdc,190.42761897550903
0x20b5671e47758de8ad6d149fc2861cdc1f20912a,260.1362533679861
0x20bca52c8b3d03c8c68c27cdb94f3710070b1e37,260.1362533679861
0x20dc6c2f6293ea49ffa79e727f0bfd67a2d1e65a,260.1362533679861
0x20e20396d9ecf02edb4889f20648a8813529c3ff,255.24001585323808
0x2109dfa6eee1dd7bea8f0eb8b8352866623f5eba,256.72082380268233
0x210c0a7d2440756920dbdd33deb31664a8392e2e,269.8474464081034
0x2112a4b0f6500bc0c1aebbab547eaab6862acc57,285.43652502974203
0x2121a7bfe98a63021c8c0e1039d75eb192958d06,0.0
0x212cd91d399ebf2b54e917eec64ccde3bd2149bb,108.01501114034875
0x217704d6a17cc985ba3212683a0554ca4dba9af5,240.97450580987837
0x21acd9ec12bc7eb46a95eecf831380edbb69fdc5,260.1362533679861
0x21eb0cafb8874cedd5f031265a89c30782c49c8e,192.70299543514696
0x21f58109f0130147fe9c86204df37d28590ca1de,110.66469286539754
0x21f7b9f5ce2762935edb572443966e933943d49f,260.1362533679861
0x21fa824fad73c0f05c664fef41d1c6e3273444ba,260.1362533679861
0x22943b5da5a88a692e485fb94146592de475c80c,260.1362533679861
0x22c80fcc16664846c8d42f1e1c6d20809f00be67,147.3437804323045
0x235efb8243501c42259d00f466d7675c7f734263,256.72082380268233
0x23b8b53fd52604b45a77be6cebda378b255fb97d,204.8428475132131
0x23be089b10735fddcdb11356624a19e9c3568355,142.0775018984632
0x23ff2853b6a0a8fb787b433d744d63c3cae9346e,249.9078610372098
0x24753c577c443cdf865a706d00c43c44ffae3c24,260.1362533679861
0x24ed10324fedf2ece784c292f228588c7860640a,0.0
0x24f637f94fa40c4057e91a44e3573fff23879253,226.9879104082253
0x250e9907edc84e314ed2e6b45910458e3c7261a5,289.0402815199846
0x252599368fddd595e6948e227f314e938cbc8fe9,0.0
0x259e3c5b952a56eb7085aac0d1169d9d6d0b6259,260.1362533679861
0x25df495f608a0144f1135f527323ce92adb5db1d,233.81415477950335
0x260670ead412b21d9b551e5340dbdf9071206bfa,127.62471600842045
0x2611cfc43a754fa66d42773c7a3ae8d7d941d568,208.5704248261896
0x2620cd0164c72fdafe799adbc6882183a9c4bea7,242.79383647678705
0x265dbdb38ea052d5b457b04b37a95f6b0dd6e899,201.58417981675237
0x265ee84dd5974fee596f54660627243638af01ec,278.92837530219305
0x26a17833f6f6747c2f52cf1492fd178a39bebf69,1.6198345513991463
0x26b8929ea7a6cf2b5f92a5d86a7f98299a0a2bb8,285.4998700565829
0x26cfd840336b5677aac5768e72036711932d07b6,244.41246205329898
0x26dd63755a8a6258127f78b7052d158db11fdc09,260.1362533679861
0x26e9c43000c282cf2fb39c7ad8f1f932c7c51b26,4.9932724057894
0x271c2e2fc9283e3841585b8378ba671dc7666383,129.2519663815005
0x272d8d3a623f45bfd88cdda9585cb352d9ed7ef3,278.10119182711384
0x273380067d855ea3b6794f65040d282de95f1966,260.1362533679861
0x2748d54fd4c36621c34443e62e6215a2bb66eae5,263.7442738979656
0x2781dc9e55b739b543c25f2c80ad9cc44050d2c2,14.45201407599923
0x27a1cc51d7e1d49b91acfbd405176be965b0b23e,260.1362533679861
0x27aecd2cb96605c10ae88b5d2258489c025c0ff1,256.72082380268233
0x27b29a29e998df7832ecd5d2e1f1cb89b29194b0,260.1362533679861
0x27be96c81b4f74a809c273386997e1b769013340,0.8950808471951283
0x27bee1ca3ba122d362d7ff73d0f3c5816c3bfff8,0.0
0x27ea0a8ae18e27ac7277ca4bb63a3b3e9bcbdba8,0.8842606153203504
0x2807a7b5b728c96f2d779afa80616ef1881bc382,267.3399114106519
0x2810b619f0fd793ebfd669b132b18f36aa205618,188.87752804880796
0x2814b9bd57fac04ed1f8cd506c674750ed9981fd,256.72082380268233
0x282e904b46d916e83c02dba009288ac315c6b94c,0.0
0x2841ffe614c01a97f82ac2d07f0898777e3ca943,192.81342482925442
0x286ebd36a515d8d0f4b8a5daa2f55954be0ac8af,217.043221542354
0x28f62c28c097c79a69f62befe8b8c343f5677f3d,257.6184286312228
0x292b0c6a2fa9d2d710bf04d850f95d1c0783c8eb,190.85374069326764
0x294fbc484a8cebc4369a3c8159466131eaff652b,256.72082380268233
0x299d2f6b64b15177fc4a84fea7819776ab55a6ed,248.77290304616696
0x299e22d20248db6fc40878815a99e26b83bfb2fe,0.011322363154895975
0x29b92d910a432e508fd1d338a7924c5ff7de5307,260.1362533679861
0x29e58111469db66cdb1c58830f2b4f21610494bb,0.01034517516630258
0x29e93e917bcc9b289631255a42cd0a4009fe4e1f,260.1362533679861
0x29f34589510611bb7e1833df6cdd1b1e7e185bbc,0.16521659588317972
0x29fed10ec09201b20237f9c64a2e5ecf04f663aa,260.1362533679861
0x2a01c1e032db8467efd30fbbc8a965261520d2aa,276.8148714059225
0x2a05a3f91ee269bf94eef837536407a2502e7599,1.9843213377077795
0x2a34cb003234dbddc50a8ef42ff0b8a7afbe6bf3,45.48355934686024
0x2a63c16f9c6481f0b8a8529ddda627eff297aeac,25.912121578242516
0x2a6a3415b20ef6b4728b9db4814ab128410e1173,260.1362533679861
0x2a870d0c42264025fdfb1da1e67080123e8604b7,260.1362533679861
0x2aa7f952c9e3b871164ca7b127f4d213d247bf78,260.8612705075814
0x2b2c1a638eefc4d4a9f2511f3c1555a97efddfda,212.8921351701435
0x2b4c8277d0e5c4b6558a10df709140900dc31cd1,108.01501114034875
0x2b571ef7a462f15ca09c3afd97e41d0eb4169f85,0.003915346413346443
0x2bedb7ee9fa00145981ffe1ce49dff9d9e4472bc,0.0029418318447198798
0x2c97062d38dc36ba78ae2f2fa6a04c9fa1768854,0.009855369851670013
0x2cb0392d209272987582c45b8d057208ee421f03,229.8039255531807
0x2cdececa1b4f5015c83b3f1bfebea3612f76aa29,0.22116733137692454
0x2d2462e94eb3a5fd1a0406f5426e813b6ad56dc1,260.1362533679861
0x2d4606759bfdd3fbfe885f451585c2496e450d1c,206.31537557024652
0x2d4953880c7e7e8d1934a1629cc57dd82f92a3ca,260.1362533679861
0x2d771c424b0031afe1a0e148e50136c904c742ca,267.2050529227812
0x2dab8a6bef24b947983f2dbe465d81b48f5fbdd2,0.0
0x2dbb14173fd50d830bc4e3b98f5dd8bb7093ace2,260.1362533679861
0x2e1ac81939895428bb93afdb30ac3a5cf2bb8e15,0.0
0x2e1fba79666279c26f9516636ee62b9f113f68e7,218.5692757367406
0x2e26d69ebdfa91abe61c528807d5377d24064bb4,14.397223130306259
0x2ef57a6ab256bbf9f25fef65dcba05355ac3186b,8.431817754388792
0x2f6bf9e7528fc7f59b80189e69b8818c1777a20f,198.67968799244565
0x2fbd628bcc6aacef3f463f24e7d7fa4356cca6c5,227.88178415020664
0x2fd98abb583ee970d9183594a26943ac9bb9c756,237.72445229692073
0x3038d8c7e882e9459385568af49ffcebd72cd341,256.72082380268233
0x306a2ee4a8991cb086ddc292afa51c452541422a,0.0
0x3094750e312c823f9c8f4b355c66182395283b99,267.89296222951407
0x3114985e32be8e8e39b1fc1b430519b1b829362e,271.60964218785085
0x316f21de94a7455f27fce3cdce8434e84235d587,238.8393828605906
0x317aebf8c920cb1f3a516a6d8df157904649ce0a,257.5387458207837
0x31b810e26f5cbfe4c82231bb9f3a1738cb6be2c6,230.49150015616752
0x32129e3b268925c0d80f157893df81dcfe44e638,182.6829364177126
0x32269115f28372310f7bb7605b8c3e3afbe0ebc2,260.1362533679861
0x326688ecd07feffffd8ae0ee76a9fa527be28c11,260.1362533679861
0x32683807a626439a93bac2fd087bbb5ce347d38f,0.0752199144885821
0x328c1476d71861ecfcdce264b0577eafa489c323,221.8453744845519
0x3292ba0b42f303252b9b0ec713c6909cf4453ee7,256.72082380268233
0x32936bfb043816497faf432fbc69a75a7a8011bd,249.50441428815375
0x32c23fdd853ff1f9335d977730fbd9b019ce5661,2.898984035693221
0x3308178bceff05499622209dbc26248e5db3936c,2.927009447347362
0x3331093f3f583f394042842b5eb15741e821d809,266.7249114169397
0x3385a80197d7e12d65fb189113f063da589f1bec,260.1362533679861
0x33a0663745e1ba0159930f5e9f43258c5b2314b7,260.1362533679861
0x33ba08e24026c0481d6d30f04668f917a95ee26e,256.72082380268233
0x347284f3a645b20f2e1b76639a9a3b5b573bec2a,256.72082380268233
0x34b10b444c12b9a155e6deba90ec954cbeb67036,260.1362533679861
0x34c2084c212267bf0e307b8f37fa5ba18adc5f37,260.1362533679861
0x35275b16027783776d7c6ea2e069a6ef050f450f,260.1362533679861
0x35497412703373b25a0b4e10dccbdf656b33b1a8,256.72082380268233
0x35ab0b0e391a4f48503d9e0587c61991cf4c630a,0.0
0x35be7258cb2f3f7c787c88a9ec1b4b1df1680ed1,12.335641499134631
0x35f5bae55e7106d7441fe2254413fa46691cc99a,0.8064934562986302
0x3613b19c2e256dbeed5900f35ea5628ceb7bc3a2,0.0
0x362a155de4109e136e0b384d8ed0eb717f668f59,0.0
0x362b6fa156aa884737fe4133e0114df673399989,260.1362533679861
0x365377b13d9fefc7301d892652e60e7fed70967d,5.303976207826879
0x36798ec431861b7284e546b598e96bff0ec9c075,258.3695543312694
0x36c7cc14c4147dd4dbfba4f95781ffd098c30660,260.1362533679861
0x376bbd7b2e1e40b97bbe7900624c5df1410100de,1.2182365418848111
0x3788629816a7e42c53c6aff13cfbe483e9c107bd,260.1362533679861
0x37947ac435cad7c6c2b3337e88fdebc085c8d87b,236.4161268070339
0x379c36d3b83b5f95a0eb82d576904bb20b2f3b54,193.1825382475165
0x37d389374f13c11215e2f1285a8c2df8d4aadec5,24.090874219757918
0x37d6de8d013d1e014153cf21e549169d11d618a4,195.19634258916403
0x381b9ce8ad241a757dc9991ea22057c3e499b85f,289.0402815199846
0x38e0456b1446c42872d10250f6ecfb51ef5e5357,260.1362533679861
0x3906f49761308f0d2955cd2c7a47360d0de676a1,260.1362533679861
0x3927dcb0138e3c479d04ea37e52f525c83ceacaa,49.46155061392136
0x3934e9a60ca99b9e69f62398b72e281ecaa94afa,108.01501114034875
0x3944db815299fbc5f873c1283b1667fa1c52d653,0.1453469562850003
0x39ada11b6a777bcc5cf3018c0152bf306923ba9f,189.6172299515924
0x39f2d2fc9ab3c2606d54c9a0bf420a911e0fa675,260.1362533679861
0x3ab671029d7b840b976167e31356caa8c2514838,0.0
0x3ac969f9e6ef61c98c2003fc584a2e0e3f1a6853,260.1362533679861
0x3ad1f026f8d51cbec78439e8eeafcfcf86ae2e07,131.90009961567372
0x3b78f11a1b1f08306d8bf9a21bc7d640b21b3ca5,260.1362533679861
0x3ba8cdc4bc01ef630cbdd9e35597d35f6e42f74a,260.1362533679861
0x3c276b741925a19f82c40f4d57edff591834ed69,57.995450632515706
0x3c94b3c46937d41475fca7f9c971bac98a825330,263.7442738979656
0x3c9dbf3897209bc1976a6f02b230a41d1948279b,0.8375870764819945
0x3cafb351c9a491e36578d323c846c01591c11c06,1.0393074526986936
0x3d56bb6d16b8c754aeeb801fb0fc2158c45e7293,262.59229523506906
0x3d6bcf6e036db93e34158784273c708a360795ad,241.00129266023518
0x3d99252ea2fff8aa20747b4e53e9d9783c82cf6c,289.0402815199846
0x3d99763b296035747c09c1e1fc970c376f23edc3,5.994329310003738
0x3deb2380b984fb9d8eb2b0a6118c6181333512dc,193.7985995451728
0x3df9ef60ec5b017fadac1df56bd8805cc6070353,0.2941240203547719
0x3e3078922e47c046a2eaad4bbc2afa53f5a8fdae,0.8882622081092248
0x3e5545fa02129e118e44585a02031c1925cc5597,260.1362533679861
0x3e73963802e599b699cf47f3481f5bca8ff3572c,8.186880483752244
0x3e7f6d3f91f134f1c5921d71b416495ead998086,0.004683205031805928
0x3e93d5ce51aa41adfb1edc807b20e68d21a5de0c,0.8960248727119523
0x3ee0584b345341099af1b1b16dad9ec53a0e8002,142.11794595985376
0x3efff9477954a705092bb03c209c4026fbf94d88,260.1362533679861
0x3f0ceaf07e2acfd4c5c1e6a7508524ffa895ac68,256.72082380268233
0x3f334e4a4da927b58e5faeb88040d0f7c5e089fd,0.0
0x3f34b52e782cb5e9838ff6aca9ded05ab8ff446a,260.1362533679861
0x3f468b8929743b1c59afb9d0c15d22a1862458a8,263.10184411117785
0x3f76d72030539f3cf1e7d6a57bb550093bfbbc4a,289.0402815199846
0x3f7c5f2b1914ae936c1e58ea5d1a41051d141284,237.80800114957694
0x3f8b68fdd8f250d9fe83d82ccbea6fe9ccc9623f,1.0372461528380688
0x3f9c246c874ad02deeafbbbde0a602dd77380606,279.2121280579795
0x3fb3b0301ccddf773dbf350a4039cdc2ed616a04,202.7643596099082
0x3fd9e346f1493c19e61060a9f8cc1ac0ba692d75,260.1362533679861
0x40c6f09175688f86cb748a8123688691f18beb0e,260.1362533679861
0x410a8cb6c376bef3de8e21f9bbaf3266559cf52a,278.59020652271124
0x413c6d1a9b05e109e0fbc4ebd66b4977a11c2348,245.68347751782252
0x414492d6a45c0823c51f756fe0096e15c2326286,0.009366410063611856
0x4164de1515756bc66f416def069bf588f250aff4,0.28148788191375124
0x41d11d158f1a1c4ee7c3bd4c6ec24ec22d66cb1f,0.06519958273086914
0x41d9028fd89a252889a5e92b087e004040dd1253,71.13515824409454
0x41e32128675226d856e440d7605aefe26765d8f0,233.94849337369993
0x41f9a2f3bdae7f448e58f495e3cbefe9fab7cb0b,0.0
0x421436b2e070e7930dd2eb2bb77f1fd3f7b44e71,260.1362533679861
0x4226e25cf2ee3b3823d604bb14434d27b1992ca9,4.307923057796022
0x423d3e7df63ecf2c6286bb1cae2213ee6172d9ae,4.308469412856086
0x426ee5d176ba65c8a07a37aa546b6db0e9680045,199.6513676148162
0x428e2c101f342fca8329eb221f74f002f08bde00,271.7179418186908
0x435d21a5d634777200f2e99e8b016288b99d509f,0.5302995727090855
0x436135d3f3b9ef9f6001bd79c9581cabd365cb47,0.0
0x43c33ddfddc39c689d8a47d7dcbf72c3d2a7347c,0.0
0x43e8b13e93dcb4e6ce4c43a7159c0a0b56e6cf75,260.1362533679861
0x444bb68f1bca86cfb9da7c9aa80610a61416fb50,209.31582756042073
0x44a4ee80575edc2320537550050ad95c2b38b920,0.004927684925835007
0x4548128c4daf4a234b61d1e60c9b556780d9cd2d,256.72082380268233
0x454c60389d72087356f2921a24a705e15d57b51b,260.1362533679861
0x457a4852c776846ac0497686b69e5c200d072d2c,260.1362533679861
0x457beadb38f919223f54baa5f7ed62f8945c02b9,260.1362533679861
0x459bf194832b09bcb9a32c00a9d5903ae03703c5,195.71545084603449
0x461e64a9efb50106685132d73f252fa74270be82,260.1362533679861
0x462340bf1f851cb7e7e09c43369eaa3ff078b5f2,253.6708430392672
0x4660d6b4eb737b5cd951613bdf9b0a649b89ee1a,263.7442738979656
0x4661f2b7775763528280d5b8e7776ab61b840dc2,246.67147168003538
0x467e05f4ffcb81570ce32b24012e2b209a74867c,204.33416761131275
0x46ca9c0224949d63cc829ac8362bcd86907beb60,203.24600061773256
0x46e18cbc6bf4f319f6bcd1947d72fe60e7e613ff,260.1362533679861
0x47076522e0073b7e28dc30ab00d8c6aca667eebd,268.3498063197092
0x470c38d68e0a4c883ca74f549e41081fcc82d11f,260.1362533679861
0x471202f0108e0f30678842dc50ee22212d689439,0.0
0x4738244f59b6000eba7fabdcf4f1972dc8ed0893,260.1362533679861
0x475173e21c0a90e5fc9fccb55a4f2bfe7c530650,285.2453597807582
0x47538e8e8608deeaeffe2548a5ab27cfe5907bd8,263.0836722714984
0x4765544a72153076e5515e0a922b5679b4e213ff,176.52319821645898
0x47c14cdaada257f2da3a661c8c607669690c2680,0.48084039900452563
0x47ce21a944641b3375fe3d65d661ac615f1064c2,108.01501114034875
0x47db72de398ac7ea055f5935580cf64952cffa8c,187.4615489693781
0x47e9f61e077fad6f45470f87351e5785defd5ed5,260.1362533679861
0x4820a804bada05ebc921cd3e9d6cc55dd6788c31,207.51589997073538
0x482d27309d93e4f3661f3a0d73606d5a3d10ae7c,0.31376989575883396
0x48452dbc02aa8d0243c42bb3c6808ef6a6624e20,7.1809157384304925
0x484f9b9f4cb599a7166b532653321d1226d7ce99,224.13264795588995
0x486587720d275c1eba7fa580ef88d7e60cfcfc6e,16.01199297784879
0x48a604fa817f4769c2b81263e9b029ace7b0a71f,14.143296437686269
0x48af4d64ba2e83b49031a9ad74505242d31b41f8,192.59070973408112
0x4a1b1de8d8920d60cb5335c2361094aaf57183c7,260.1362533679861
0x4a3a2071a3011108faeea92e603e09811434dc41,256.72082380268233
0x4a584b947f193a1d521d2f948442816427c678ee,0.39146087693960063
0x4a710bf7e43da35440bb8e0ae89a0b9334d5d813,256.72082380268233
0x4a8e674878d0a0e93d1d6d6deef02052c9b77fa8,260.1362533679861
0x4a9f461664d38551fa68a6b66c0ed6a49350861a,9.786651166819347
0x4ac0de7f03e3224e280b44a58e87a08afd6cc393,260.1362533679861
0x4b743e0f52cbc46a73cf5384355230efefc57c7a,289.0402815199846
0x4b7a14da24bf618635fd4974231d9e04df648a8c,0.0
0x4baf4d72169f2dca36fe6a490dee9e0a6c95122a,202.51287244688896
0x4bb542cd780d381c0408136d99e64bcd436e5cd0,197.1215894593707
0x4bd3efc1577b211dde500761d4bf6f9ea9a1fe75,260.1362533679861
0x4c0997e2435eac4fbdb47721736d1d200e569a40,260.1362533679861
0x4c8554211b34405720be3246f4adea71e2a7194d,0.0
0x4c8abfdb7b0312144935bf353e06a2f7e383fb44,118.36376589438633
0x4c8aee6621d4115a9e9bca040d51cf0cc567a18e,260.1362533679861
0x4cc2c2a32e38445d6a91a3ed69d1fdc6f6ec989d,240.97450580987837
0x4cd161937f215dbb7f3e815a4c9a28fe4785a8d9,257.5718748392944
0x4d2c166b90e2ee44372bd34a60e1e27c798c0882,260.1362533679861
0x4dfe67087dcfee02a0558b545433c61d3def0f71,42.36713153523874
0x4e1e9ce847fa29e8903f7bddf872c938a54ea9f8,227.94202833866953
0x4e5d0605ff12734926b79cbc4f9e0343a175e8f9,218.56075363923537
0x4e90d758d1f6204d3101cf55ffa5c36c96d258f4,260.1362533679861
0x4eaed7cc929f48809d88e7a8f2a0f8fd91aa2669,241.70418998990306
0x4eb73af5c540b1d22f46b5919aee85c8492ffc69,13.084771211647109
0x4ed72b66689a6d9c130fe2dd8f7ea64b2a842c3d,0.0
0x4f1ecb2da4f87b76316bcb7816fc80dfbff96d30,0.02276738210536826
0x4f4f94df74806fc4db5fac7a2b5f3e94f68d10be,260.1362533679861
0x4fbd7d4232db638c9494e8c5a3a7fa9201c2aa91,0.009855369851670013
0x4fc396aff4f63dfe1250f5fccb59034d95355c3a,191.92203588918093
0x4ff2d8b7eb66199a0e8e54a80193660adce76dc6,274.57985371863265
0x5071e2bc5dfa98f3cf83c802a89913e39f2a5f31,218.1769406327496
0x507408f20bbf0399a7b507bb76cb8d92f14393b0,268.1428573106747
0x5094497d2d5aaa870e9fe2e3b21d4f823d53049a,45.7249825482357
0x5099c8f515943114a73ebcb6a8b4d751c6d82149,7.130236678157999
0x50ae4f5bab0b3af04c823a8b74fd6c8351c4ea0b,52.401336699313944
0x5102f781852703db15f63281af087bc80cb5661b,256.72082380268233
0x5118cae076c5df4bfa647809d9fb98cfc1884fa7,1.2589327615543524
0x518f88cc71324784f9f46e818cb11a18c01f8045,279.9086863169501
0x51ba59b2e4f1705860c8f46cf11ca6165da04f7e,201.48956685051692
0x51c344f5efd658abc4dc5fc159ff70b920ec0065,260.1362533679861
0x51d26344f58de9ee701c1b6a60b500408ec19c51,256.72082380268233
0x51e6f2b16cacc6cd77520583e78ffde869a200f1,189.76917130357222
0x51e74231d1aa3ed9e4664e3416697f2c3b0d2ce0,0.30789472662769357
0x51faa89ffcf88caef15c8cbb040f5f75182c63fb,289.0402815199846
0x52443b5e7efc264e001d308c46ec57a13d532db3,0.009366410063611856
0x527e4aa55f95ee9ee0324b34418e2825792bf842,256.72082380268233
0x52904946064e3d98f3873f8f1f2ac237dec32fbd,257.9355762930061
0x52d785b51ba9ba35be89111addc99c42902fa90f,6.56121439050365
0x531522c45c4f93e78c5f06ccd4c0545b15216c03,256.72082380268233
0x536bda432b3c94118d827d23c74b3c461bdb88a7,271.1567153368078
0x539d69acbae3ffe07d565a3eaacaf30a5281dca4,227.2308762230258
0x53a72fbd364092eeb6843eb5720632697aae8d6d,222.52583531502071
0x53ba24c621ac6e3dafe9c6b20d02671fe93fe958,195.12048788952663
0x53c6f93afce4d7e2730b84be81e0850729726e5c,16.98612245012428
0x53cb14e50d029b40501bc070be38e2ce7738c41b,240.03606858383387
0x53ee389cd92cb22131c6e5645bdc2e98afb84fcc,14.397223130306259
0x53f21046b82d2c01801ef227df86554785d14723,264.7116183192947
0x540d62c4c098812d6a7a3c8b238b76107d8b5def,181.56058632711404
0x5423f007f10e3d849a2f529e7a4a648aa043dc61,27.931805217473027
0x5430f086d2bae3ce20e1e30ae88033f24b18062c,0.04541574838099746
0x543bfd2ae9b65b7ef2500d5d5184d53a6fb83194,10.821100660319349
0x547428e8ed88ac87bb61db9da67fd0843d22cf51,0.0
0x549976231163817d66a1c17801771565df450da4,1.647479122311796
0x5523546f58816765e56eb62392ef95082e25c7ca,252.69468436775057
0x55258e597384af3ddd9afdbd67a52d1a3f07097a,115.7630889618233
0x5530b1245e09c40b879a225058ed8794a0395b6c,24.973062912554987
0x55a98f3477375695a7efb87b717e8a77c1bcc5db,181.65087003319638
0x560b659852bad039e54fa555eb70ad0ef57034bc,0.0
0x5656b0e66490d30507b4949d576c883514fbcaab,277.10525396492426
0x565fe8058bf7f234a28ca2266f91e48d56cca23f,275.9770835452123
0x56607bb88e2f4e9078c0849179e4fea25e297176,191.91728037237937
0x568068dbf67d5f8ad4244ac5627341c08d5d6b8a,289.0402815199846
0x569cf1c9b3038664e8d8f32203279af32ddfc09c,66.5140477017207
0x56aef5ac07c496d1c95ffbb3098b17eb87ce6275,258.3695543312694
0x5712ab8a5acec1359c468cf9132a99c41b7f9ee3,261.85526795605426
0x57208b573d8b3d532605ba2ba1e182db5297115b,260.1362533679861
0x57467a3dc469ccf089f5a104e28efc8af18b3dd1,0.45453481847928534
0x575263514aebcf75b1d69229d469dadb5746f81a,260.1362533679861
0x57a1896526a10f23f8f8b50029a04abcb33d8c45,0.0
0x57b3b413817d48dbfcfaabb6fdecdb14c34144d4,260.1362533679861
0x57b92155b8762671c218bb8a9304d42a4d243ad7,0.27846090707899546
0x57fac7bb72afc19a59c4080286318ca9de3b0cc9,0.014402984324035873
0x5803f77561794e1a3a8d9cd9e06763d36414c407,260.1362533679861
0x580ba39bd606e8fed76c7db28bbe703524a87d5f,206.2184586652788
0x58512e3269436270a18f5f88c3d091fcb14080b5,108.01501114034875
0x58b44cf10cecd6938fa882b93fe65ace2fec0db3,260.1362533679861
0x58b7ad4bc462b93ae0ab0b2ab71fd15530acdd97,285.94483591491155
0x59003330757fba71569776f7d7a43c6f362b578d,240.10580244568575
0x590097783a5af8d447979f32294073b5361cebd6,289.0402815199846
0x59152e8ab522f8ecd60136b40066358ef461af9a,260.1362533679861
0x5944c3d697a7227c3a8acd2f4f5f02f04780c9bf,2.6967201573096293
0x59b084b99d5ade6c1a3ddbc994e4bc907ea24f20,256.72082380268233
0x5a44af374c677013fc88739fcfa6414651b382c4,29.37877774621811
0x5a6981b2dec10f3813a022a0dd2fc7174c7c5835,240.95274230349852
0x5a8be37bd6be8d4edb5ad7569fdd3d01cdeb225e,221.8453744845519
0x5ab4b00c8dd3e9135c2f9fee381fc47af1fc4dc9,256.72082380268233
0x5abf168c5cbb8d623c1c56ddc41f87952040383d,260.1362533679861
0x5aec334df9475d3886add3a6c6f2b246068e2ea6,260.1362533679861
0x5af79e52bb2267dfba501139ee32ac4b604dd2ac,242.65205377934953
0x5b1569bef32f58491272b478ddd0f7e4efdf35d7,267.008890817741
0x5b3c03b5ae1f928d8ac1f7fbf8f2eedcd19e28a9,0.04031937768856952
0x5b7e529c20ff1fb85302e363d559d2cfe0b3d311,202.33479219286477
0x5b8369e79cfaf245ea99567d3b0de77855964e8c,260.1362533679861
0x5bbe5bc287443de0cbc734eb9a6a5a20dd516573,288.9246654073766
0x5bd8b6893fdcc3a78600536b733c6565799e36e6,33.66975981282208
0x5c18733f3dde898b86183eb9289e2f83190e7598,257.2636277635197
0x5c4ab7aa33963feea63916191b09324daea5f319,0.016640271051828737
0x5ca903e8b5fff484a4da583f741cfeb1a5a5f7b2,260.1362533679861
0x5d0da807f78b503468c22bb05f38884316a63b21,59.33862372769551
0x5d3190eaea317c331b3d963fbc24d6a7748840e7,198.9530502316982
0x5d48c5f99fec602dcd60ff2e5bd95b29c7c6c637,268.1235143214241
0x5d9d11f7b4af5a01eee51611dc87251111c7fb4c,286.1498787047847
0x5d9eb1a52b629f0a75c2c464f8edb4de35e7f117,0.009855369851670013
0x5e38220f659f1c481b9b91a5cb43cbe4a329c2f5,0.0005051344042106167
0x5e3ef88dc462cdd8c8a3ff2ec3305ac1632dd091,72.32300115447262
0x5e7ba05dfe2b60d3fb37aeba68dc46627d5453de,260.1362533679861
0x5e8703616a3ed04577ecdaea0da9a53bf9db8db4,260.1362533679861
0x5ec9356a0a357ba7633ff26371aef2bd0ab74bc5,0.6322883490652207
0x5fc139d11f213a7c8893c5f05adf7b3fc1660941,289.0402815199846
0x600108e907bbf4ba0d15983cf25cb2d0dfc6a5f2,260.1362533679861
0x602a2aa279827b18104ab4ee13e51bf7e8427676,0.05316156158280678
0x6053978a728c46fec15c50ed1728a2354d2b79c6,115.7630889618233
0x608244508e55a119a9dc4c2e6cdf7bd685807b28,257.73886173008816
0x61261e4c3f6262d2dcbadd9643c89bbfdf446d5b,0.0
0x614537a311792de58dd928cbfe3641cbec3e92f7,248.25004072884695
0x617a754f9ed8571179cd3572d285f3f5a95c5d26,260.1362533679861
0x618fe6b2d531417efc9443527498d78ab3dc85f9,0.44520657626393645
0x61cb2e091dd04933ad265ff201eb7589790f5bf4,184.72753186994194
0x61e8c1cd3121a4aea4830c71509aede8df36d153,0.0
0x61f4bd4ffaea4959be1202aaf07c0041622458c7,0.04175401522951496
0x61f79c854cb28c95457d7d0a9754d17b45d52149,257.740272806891
0x62088913ac4a8f5db4000870d9725a8ef922087d,196.3418387436014
0x620b5ae2c9f0030c6a3b17d81071791cca890cac,257.8316360322355
0x623bfe593fb1d5338c1bbeba4eacf7814eb642b4,260.1362533679861
0x6243310b1684bffedc34419e95a0df33b97d166c,0.02292909405651175
0x62675485dc2b1f867ca9db88b6c371801f56bff4,256.72082380268233
0x626aaf4e7de1df4a90ff9c0be2c5d2829c2fbe33,93.08542134247283
0x62aaa203517c5b34cc9b1ba5d981955f9dfc2083,256.72082380268233
0x62acf8c876aea5113e33c3fcb065cb7b15558cd6,260.1362533679861
0x62af9cd3272d9456923c992fe67d34dc52fcd9c3,0.0
0x62db37ce6b22455d681edaa7893c74d3b1a598e6,75.26511614450177
0x62edb5268b3bed9f3d6cc43927a3facaf8450fd0,260.1362533679861
0x62f0a78217da0daf149e5586c08712f35c8ab5cc,281.8961135663403
0x6327e115f6a25057026ebc78aacf49c989965c40,265.6441989321075
0x634054971dea6871d1fd3f51b6757dfd38faecb0,229.0307098922485
0x635a41032d88a586044da25359ddd74197abe143,0.01618529955804796
0x637bb66020fa0cfd5a23e530425d86dfba5fe01c,0.0
0x637c1f9b5a5300f4ab89b641ef92c4c2b042fdf1,257.2858424985345
0x639ac795ece17667e80865d5d73548dcb7e0880a,282.3929061829506
0x6484d20ba2c20117268b3f1dfea0ef919d92a425,3.4213387766541805
0x653539bee15b15c64890f3eeaa4e838001d8a255,209.8668927953479
0x658f325802c1280e4c352a1a5d856766509e74c6,0.6578516530504903
0x65916ef5ffa45ba491ac3ec50ec98975d9dad781,0.0
0x65a088364b4650e2fcf153999ceb05917333326e,271.60964218785085
0x65c2f4cd375c5db8629f7d185f1d7d23be59eb50,7.183789254132144
0x65e957af886d873ae200f3660c61a385d350837d,111.55609172565586
0x65f79fd03249f3c2f4ec934eb2beb2699c6083a3,0.33886240482748536
0x661845f8d46171236b60419e5a440394ae9bd06d,86.36643782335534
0x6658bc319617498a24d62a7e7989627bb1892e5b,260.1362533679861
0x665a45805d36a63af6bbb2e797c997382d920c94,260.1362533679861
0x666ce1508593f0f58d9f9df2a060340c9c60fa49,152.66927536497136
0x66ae66e2d98af44f1f19da8fd3b0cbf90148be73,260.1362533679861
0x66d6e09d127f3853f8aab1bb4c78f4922bd33d80,260.1362533679861
0x671747c0e27f00c88ee4b2624b8e5adec7df1ac6,0.534040715993833
0x671b1809632d809fb7697c78fe7ad6418c4e84e8,260.8612705075814
0x67343016dfcd866166b2a6a678109340827fb0bf,260.1362533679861
0x67b19992edb3e9afbf5ca7aef77f19c7832bd178,260.1362533679861
0x67b99e170341f2780c1a4a430fbedf9034672f2d,0.0
0x67c891843a62b38007c7b483fdfdeb3a990b9936,245.14940385363016
0x67d560e77a127c2da718e94eb3238379e545fa6c,0.0
0x6808ee4778561d99194ddee1159a7e8fe635fa9e,221.8453744845519
0x682a4f22faa1d9b1de92907308697100e4919e82,115.7630889618233
0x68fc3d9e0cc547038b82e923fc395b5d6a4d9f47,0.0
0x68fc4306f76bfe40f400d02a10eff4547550a5a6,260.1362533679861
0x6922a1d33d73a02391351a4b0c31d48619221694,241.03829778070417
0x699334a4318407780dc8a401f31894dd5f5fc2c2,260.1362533679861
0x699471bcd47b4181e4c4948f8024e496dc8eaa10,1.6273492593225225
0x69961f5d265c79bb1f32a791a8188f765de77af3,257.75173051100984
0x69a404f37ea00fe5c90fb63d067e4ff1d5a9c9f0,260.1362533679861
0x69aafa564b55956090d57f224e80af60d4cedc26,14.397223130306259
0x6a4767cdbc6c450ade5f925347b26de1cb495824,204.8669739737654
0x6ab566be05ae4ffcf67f4dc55d440e93b7997164,281.70494831735647
0x6ae85db9a07817227134936a997eadb5959d10b1,260.1362533679861
0x6b1efd5e0fc0cc792783e8fd5d207d2b97639f5f,256.72082380268233
0x6b226305615a57d43e2abb1560e56d623de4b266,289.0402815199846
0x6b3f994d4080b6d8afa67024645bab9d6c83c7c1,210.45546070658298
0x6b56640b6002a6b5b7f23b3c83c30ddcc79e0281,256.72082380268233
0x6b8da2236a81417839e3c54afbf1d3da2377907f,115.7630889618233
0x6bf3eb1218b59c9896761f68056244766cff64fb,0.9127851512984261
0x6c3197814a7d611dad629e60a4770e977d8986cc,195.73334719600774
0x6c48f30397518b7ef67fd53ace105402b94be416,0.009366410063611856
0x6ca5aa07ce26628832cb791a880e8ad2779182ef,0.27889022931413965
0x6cd2c981feafdc2cacea1c9984c6d65ed4e5655e,260.1362533679861
0x6ce44d37ba0d3432ddb8682e68756f6cf5a68d43,260.1362533679861
0x6cf41eb4e23ebe417d99e4dbc19247253140dcc7,122.13347923298257
0x6cf61a39371dc5a71580094703b9ae20d1e197e0,1.6305105607492278
0x6d7adb88d4b9950dd7bfeea2275eb2a95b24f323,202.1734753460424
0x6d80d82a3a3bb7a8acdd7c1b4d653238dfc78983,260.1362533679861
0x6d8bb13b31fc1c63290f18078d6b73340f8478ce,108.01501114034875
0x6d8e9dfbaf61ca79aa1ebe456daefc27a9cb0c4c,278.10119182711384
0x6d93d636a208811f5781545906632892469325e0,260.1362533679861
0x6e3f22482e60d98c2bfe06f8acbf89e6be6131cd,260.1362533679861
0x6e6dc8f51abe47eb3e80ec858713aa959cc74c66,0.009855369851670013
0x6ee76ad71c85c4c7fc0075ba8e2075b14620c8cf,289.0402815199846
0x6f28c7c461290cb9e593fcc2735f3ce138a2b78a,260.1362533679861
0x6f2b0b56d9abbe21f6928a5f9590cebe031f3590,260.1362533679861
0x6f81fa93d6ff1ca2e15af702cb6a98b6ef370f92,236.4161268070339
0x6f848008b8f08fdb1e6d9f9240b5cd5b27594c97,208.03092711384
0x700e6bf4b950a0514a51444dc14080c996df4b54,260.1362533679861
0x705dbf8a5ffb05f4425d57189173831d37113aff,221.74320621353579
0x70ad373263a5a1b479838c20bfba46021a914dad,260.1362533679861
0x70feaf029614025f2e84aac375df525620004f83,244.73040636297097
0x72487a54d2a96f79849be81e624562d86ed85eba,260.1362533679861
0x7272871a4e6eb216e58d5de227b53cc51372e68d,25.0943515711482
0x72966f635a9e142b1c82be861424a0b3187118e1,195.50433955117282
0x72b5ae055f006ad8d8580a81199f054b5fb37f4f,150.00197759948796
0x72e22d5cc63e16212f7fbb91db5d1f6f8f56bacc,260.1362533679861
0x731346303b5dfafc3a67feb4e3ef2be6db1a898f,251.72967530454693
0x73ab1599629c542041067a69390992651154769c,130.42195681068364
0x73bf2a35375d65417adcd3f9e6f4442d12949dde,232.99012552521788
0x74128f8d1b7b6c5d582a3538ed5efaf7e6197e5b,256.72082380268233
0x747b36cd47d78c2c73105fb5ed8a4fe0fe02e8a3,260.1362533679861
0x74c2b932ae3862eb2d676f50d6d571ddb6e85a84,101.3664267290586
0x74c9169d26c6e3ea0202d345a3a90592fd32f870,0.01330280954034414
0x74cbe8df49f53ef12f01f5e2d5820420437dbfd4,224.86182759090903
0x74f548505f0d6bd21a9d5e7c5c9feb8958c97d72,57.85991857380361
0x75321e3ae13142489bfc0f31db4fbf4f33664159,0.9249289008639507
0x7536c07096ca73cdb87da959844e176a2ee1cdc8,80.8767958246413
0x75d9d3020673027b4253c3580c6fdd779575b716,240.37091133790614
0x7614c01756b6a3f77b5210eaa2866054bc03da84,260.1362533679861
0x763f0062be127c681d16c50c8532476202841aa2,260.1362533679861
0x76729c349635ef775bca78956d1a8b2122a6bcdf,260.1362533679861
0x76735f03e2d6ddb08c1ca2ea2df66f78da908918,54.16278920131704
0x767bc3b8e6ada3d1db39b0dd6fca5675c29591e5,256.72082380268233
0x767f04a880e3abfb56c867322826be73d6c7a7fb,260.1362533679861
0x7687408045caeb0c6f8dd7cabc2c6b0662d68714,260.1362533679861
0x76e4ce71c3fb84476adddee5b22f4474baa85f43,260.1362533679861
0x76eaca56a52df4285bd56e90695c9c52575714e2,260.1362533679861
0x76ee6a5fb9310f9424eb3f1e93cba01874fa13dd,29.601186318948905
0x770df8ca667d7e4f62bc7c3aea848380adbfcc61,183.73150660703058
0x772c8ff32358b6621711ad1b46a00429e359d558,153.72844462158068
0x773fac13eea5287fe3c4842a2cd7b3ba2fc926af,24.116248995289837
0x779af85c622c0d9def1211bbac52b6f4f4433723,179.76664276943808
0x77cb7a9c8a3f43caf639c20bb20307d5dbbb162b,15.747344639798236
0x77ef057a48f00ed99ace9d70cd4d7aea01025dcd,0.84068530406208
0x783d153adaf261d4550e77b76fe14753b1feeaa6,260.1362533679861
0x78545a8b166780db9108b304ef75973960b7213c,0.0
0x78644bea81f74454a43dd5549c932a40c9eaae9c,279.9086863169501
0x78a02ccfc2414ba2d66c8492ef67678d92a7fd7c,0.27889022931413965
0x79155d21aa15276332f860849bd9355ceffbe3b4,257.8646736618996
0x7925101feb9eb2d518669d1bd0871c50ede74b5a,0.4376573224320795
0x793fe9f1bf65f15931711b1c561668a3213bd954,83.90574868970786
0x796241c3bf15cae75fd90330dcc6a03c77e16e1f,260.1362533679861
0x799ebe255117a38547543cfd4ceb5531c3d66f48,289.0402815199846
0x79da20d2a8eec33c19fc06f87e720bbb17e81d23,244.04050788505188
0x79dbe7b252f06be000326ddb139954cb1eda0db7,260.1362533679861
0x79de20cce06c8fc79bec0d9eb381f42bf87d8eb3,194.69761628959716
0x79e2ce60fd8553cb406fb0549eb106ff402e3804,260.1362533679861
0x79fce46c96ff31c4298afde2860008224c9a10e1,260.1362533679861
0x7a5f588f9161d0c1d8f6aea788670af9b27cba48,260.1362533679861
0x7ab332e98bb09ded989db0e111f826d393ae83b5,123.60061371278087
0x7b2ec67873d6bb6978f5ca31cd872492ed7391f3,289.0402815199846
0x7b45dc31c12375585c6fd15f7c7d5982f051bd32,260.1362533679861
0x7b480087c7328a851b2324210e2b69646ca1b9e5,260.1362533679861
0x7b4b50da18f4217f4de004d4c3595b298d8cf40e,7.183789254132144
0x7b51c90468eb0c234b6e83bea04dec7164774924,257.76608497020163
0x7bb002ecd0cd6963f584261c5959889868978e1a,0.48441646240385067
0x7c1eb729de5613eebae701df4bff60462bd04b62,0.17718504691497888
0x7d1bf319804bc51ba89855ec2c63df9f676f50f3,260.1362533679861
0x7d9439dab18845e5c0cebe9a6c5556e557c478aa,274.04672269186324
0x7db203e93724fd581918253e4f99b0c857a54e67,256.03688520579476
0x7dcfdb7f2c60dfbb7220c6cd41a9e3111fd91404,0.44544542099369183
0x7e2ad3776a631c3c4da6705d08927e3699692cff,0.0
0x7e8a140d228c56296b8f8b2edb79e5073db8ca6a,257.76608497020163
0x7e8ddc4406722422eb5d9445dfdbd14cefc2cf17,55.367767985346596
0x7e9c9af1ab0c7fe95ec239b7a1010e6f03b05ab9,281.70494831735647
0x7e9ed24d4fc2cc9d8bb12a1a9dc2f693b7661ca1,3.475369794548101
0x7ea627559f0d69715be057c732ef69a2e6f3db79,271.693734221741
0x7ec23b3f3e020fdb12c6742c931036d746a7635c,260.1362533679861
0x7ed034fd35414ca8e47a9957cbc27cc1624414f2,13.95692057720145
0x7eebbde4d43b35de41957b6fcd41dddda36d1db4,260.1362533679861
0x7f7051cac597a707bb0393b16c9413115082c496,257.76608497020163
0x7f755557e5d6b8ed4b9b6b7f8d1069476303ed9b,256.72082380268233
0x7f7837acd97dd98f231acf62afeb228e48b2e01a,203.09702831759108
0x7f86eb447e5de743a23d4fd2847dcf2375fabf39,147.3972101953649
0x7fa14757e64a00447bd0bb07a9ba00b691265c04,256.72082380268233
0x7fa8579d3b143575a5ad6736ba5e4e0732772aa0,260.1362533679861
0x7fb748d10c1f083929a60147c8457fbb021a59e3,0.0
0x806d26060a9552ec2772205ae61e374082bed41f,286.1498787047847
0x80885c52f590f82dc7265484b732ac06590bf13a,60.109335067958284
0x80e1eeb87e72ef63e3d5c21083162767bd4dd9da,0.0
0x812b2213cbb13a6a30d3cc467a3d85b479a604e8,2.456842392919869
0x812ddbdd46b9fe8ad4b6eb1ae990cf8d9702af33,196.64571479411904
0x8164a25490068d9464c35cd104b5a8845358b0e9,2.388447297553307
0x817d0b3e5c7c090a89d76e41ffffc44525831efe,54.55413039217435
0x819ef8bd71401156bd3936b493f4cf9050761469,240.0264190977765
0x81b2d43f96dedc0902ef527363ecf6048723ed79,221.8453744845519
0x81e458d9774f7e821c5f687e5b4ae6efe479d79e,0.0
0x8204533040a66c0fc55a3848aeee3b14b39afb9a,260.1362533679861
0x8220de43df2709a3f0516c55faec91020c609e35,270.22073468322554
0x8252ee0352bda3404b5fe2a10cf80e4896c0c2d7,260.1362533679861
0x827cb7cb4ae2139cc37356b838ea9f77b7dd7e57,289.0402815199846
0x82c53b2dee61301794945ecc8c838f6c77713792,252.3313347951491
0x82fbc8cd9f623c8586f4acbcf24c7f80809ba7cc,260.1362533679861
0x832ad562f1364929f457630c7db23ddec69be0df,55.75703682874526
0x83368c4ac4dbdb57f88b5fe1b789adfc98f501d9,0.0
0x84a7c416ec784a230df9cc6f1a37629cee2f7db9,0.009366410063611856
0x852d9a1e55ef218c61f9fb42188dcb39879b7c75,64.43785365341179
0x853d56b09bb537215ace8e2150a7fe0c544af403,187.34256359228274
0x85a0d0366712fa3cf74939446919b68bc013872a,260.1362533679861
0x85a9e8a7b217b56f1f0efc26fcca3f564f4c03d4,260.1362533679861
0x85e364f30f95eebdf76ed3209c901c46e0fba07e,260.1362533679861
0x86430da7de31f01dc69e80c6e17be6eab3a5f0e0,54.17107258149075
0x86bcd01022b9502d0f29127b2dd6b614662f4b49,260.1362533679861
0x87555fdcc45531ed18b38b6e6af67482256e9f97,260.1362533679861
0x877b4c3378eb0a271f747c0af86e584097f0a377,260.1362533679861
0x87a77022859eb972d031fe6e87703742834324e6,0.4017435813614069
0x87b09b2a951a6ad2a18ec447de5ad83f19e80595,237.79284177012786
0x87f9bf871add12ab47c89dd8e4dbc3aa84ee750a,7.1809157384304925
0x88ca4444ae20616f12ca42c7e411b7c310325772,256.72082380268233
0x8928d9abde255c1e3de71a194a5a01ae92619611,244.14505244968535
0x8932e79fb3254e18e8bcabc10f746d7e9e733448,260.1362533679861
0x89a32c7940da5c81b3123aaaf3f35cab9aa71cf7,280.23615848911356
0x8a054e2e2008c506a06c9f43d71ac1432625ec6e,0.0
0x8a1dcbd7bff319cebfe4e2fd793d68a3f4896872,115.7630889618233
0x8a65b8153a9c7d8e5e041c081bf7abf820c3f27d,271.4904281902882
0x8a90e43541a4b66da23a16b67e424e14dd44d8c6,0.0
0x8a9a2f16bce74fa94e6da96c5303f2207f6bc8cc,1.9610163519315607
0x8ab818d9aec04b04083ef4d6311cdb9cbefeb154,193.89598124126024
0x8ace8e187cf4c19a5ea80f394f31a7c983e721b4,218.28791900171453
0x8aede132a8958e8091ed3e15911fe7283e92421c,233.84045812298064
0x8b1c6f82c56e33a14c44f740f78cf171746caf40,76.97577346370515
0x8b888d05a7b1121aa45340e29b55b2d2a9304f53,0.8815461111917844
0x8bad2bbf27df7f8b6d27c9d88539d42d775be217,270.04031455621407
0x8bb18d655dee3b5cfe7cf33d22edd820440dc08c,285.184924018817
0x8be1210bfc76e2c2b93bbe525c344af0300cbe03,260.1362533679861
0x8be3b72881a1a60bc463127e9916971c9caa9887,0.0
0x8c19fcbae38b70cc8c711770105dd83b0180fcab,33.52245549985672
0x8c737da5851e57cce880feed89d4ffe52e691115,0.29406908552572536
0x8c9c79ca193b4a704a8c21440f18a4b1acd11469,260.1362533679861
0x8c9deef13f847c782dbd1140cd9fa79d4e0b03c0,278.10119182711384
0x8ca33b1820bfe916d113085c3d3a7c6216c1becc,64.06885095174285
0x8cc9c3627205763bfaaf3aa57ae6fde683632e97,41.62950406982933
0x8ccb4210a7d6e81747cdb909dbca9dd4d7f36425,212.8921351701435
0x8cf31760816aefecf7d45948851f463c3e69c3bf,66.5140477017207
0x8cf61362303a10e32bea857500eac293e9b2d889,0.0
0x8d42d4f54707e20512a3df003733ba089eb7ef43,48.850805450178825
0x8d73432baed7e4424a7fc7d2e4e85cdca940d497,113.64296561560617
0x8d75640b17e4de7657dfd628719438e800588b9b,258.3695543312694
0x8d7e8c0342a94a78d4a89c2f2108282e22aac4e3,108.01501114034875
0x8d90e4b96a5274b743bd01a22b44f4f8943e2874,264.7116183192947
0x8d919fc478725daa363b0945aeb4384c96640171,79.0559466675618
0x8da9ce15d78a3b2c92e1696f5ee0485d60d8dc1d,260.1362533679861
0x8e519a0700996a9b6d4e8c20a54b94e259a04644,0.033967089464687926
0x8e57edfc9f0bed585c1e4ef173d157b63e7eee46,289.0402815199846
0x8ec73b2a9989badb37973bba37bbfc91d10bb14a,66.5140477017207
0x8f2c755624e2ce352ae6db9a128bb953be6afb2a,257.8177163601542
0x8f3dbc952409b256f379cb740253258f6a0acde5,256.72082380268233
0x8f65aa89e18560fe4bcf041582e279f7423633d6,0.013866892543190616
0x8f83e282bd2fb92dccb1927021dce82d23edee9f,289.0402815199846
0x8fa600facebdce5870214883ed4dc5e2068548e5,260.1362533679861
0x8ff850d35aba55a7e782fa6685e38ebadcc5864e,260.1362533679861
0x90101df83627eb96bea7ed0d2be6c55d70e2ff05,0.5780805630399692
0x902b3a39278a055fd2fec02658653bcf60643837,108.01501114034875
0x90976980b2abe09b174e2d5a0372c6eed0f0fec3,0.0
0x909ee73d4f1e3dda798db6bb6134e23b10d29b7b,0.0
0x90c50f4021c67667cb8774ce6302e2a2d5707a36,3.5971876015824713
0x90eaa8d6e52bc11c3a8295ffaabe946df0ba507b,0.8408335231226962
0x90ff168ff36c12e38018056cb99b8f4852c95d3a,218.81395074607892
0x9190f8761628ca285d5c8b65924c308ba0cd6157,260.1362533679861
0x91b16bc75c56b8f06377264869f1cc4ac64e74d0,29.0214638665816
0x91d630c50053501b619bbf96772b65d04ae122e7,178.538536073695
0x91d664790d77f49cf22b99d6cb56aee7b809bda2,257.4214455722647
0x91f06448081db712f9f0f1cc7f6982c2321075fc,260.1362533679861
0x9210ff4927edc4a1e895cc0143560439895d669e,241.8044137614892
0x921848489c39a1b922116f45c9f6b9e53159681d,0.03544104105520452
0x92272efe5b12332459aeaaf4786fae97524596e1,260.1362533679861
0x922a33b1b39e9055d2609e160e514850346cbd88,260.1362533679861
0x92597a56e0bc33023ef52aaa28b190d9a1dec966,196.3781875370013
0x926f6e37070be90680729ba3dff68eca6fd545e4,0.0005051344042106167
0x9286689e751a5df70726ea094394f3103969580b,21.69140542705289
0x92879b163afd27d36692f2341faef6ccf98a230d,32.51588183077346
0x92a04f5af6a52a1e55be981489ea276194feaaf8,5.240506430590834
0x92df984040c0348d7ffbaadc0353c7c32fc30fe6,260.1362533679861
0x92e5718668ab13e872c1e944587dc3d306d50ae9,264.31557573681636
0x9303d3d9671f9dae13b4e32a191d4afec7915d27,260.7569259993784
0x9307612bd84fa7034d3fb0e1b8a97400cb6b2d27,260.1362533679861
0x93333c662ca57d9490622969ebc434cdaea2ba83,256.72082380268233
0x93403228b54f42a41500fe3fdfa4635120a6608c,256.72082380268233
0x93ac3d1638ad26fd7dd9887567593cd6a37406e3,260.1362533679861
0x93e0784f36802552acf6e6a2b1ad63b91fae3778,113.06950092949924
0x94021eab713f8cc75e023e5ceefb153e95ae2515,239.48493059106994
0x94333e1b9447f8b4523f67c4e84ee5f9519bb97c,103.91386697944047
0x94433f5a69ed4ec4fb8237b561e7aa2ade92e841,0.0
0x948bc9f4760c20646be35a24f16ba514e008760c,11.267526763090435
0x9491ead10c098dcc74772df3d6fc891fd9c611d5,7.1809157384304925
0x94a8db867d2d9364ba0f5b689f42d127c93be085,191.22682237353226
0x94d6a82a0ef3dea505e57acea99ce024c9011388,90.44532336052225
0x94e566543aabbe8de34e59e1235fb836ce28453c,11.267526763090435
0x94fd8d594d6a8d62ba41fb17f6d25c4f1f7c9f40,45.48177706877233
0x95090a8dc1638cb4927a2e76df9da6441127b199,214.7474054238117
0x9547233636606fa015a29e68d41c3001c0f6bcf1,0.0
0x956663a90b1ba63891f62d1c064015538d728bdd,0.01551776274945387
0x95a0f522355ed5bcaf5428fd1e8d630963b0d2e7,271.3353312625492
0x95c6d8c7916d537ebaabeeced7e0b54f477a0679,221.8453744845519
0x9626f2d048835ecf21fd8ac54d435465477e756c,0.9222045092313442
0x9649141876fa1757ba2bf5171765024316caa599,260.1362533679861
0x9658bb56794505ea0642cc763cfb3121f6b1260a,189.28121123808367
0x968ea7f95fcb39e3fc69c5bec8025dacbd4190c3,1.2055102829989541
0x968ffdfb4d0ffe84093c8b3c6ac4b62adeaadf4f,260.1362533679861
0x96907bcc82e1a251dfa5bbc2254d47e250df08fc,260.1362533679861
0x969f70de418111c599d54994e011ec302ec6cf79,29.678993343392403
0x96c9a25f1bc6e30658323f3ab59f32c340ef5fba,0.0
0x96df9d9961a9a43986c8cae40cd21ea24b558506,212.2234275840286
0x977ff7c380c892e9a1f1ac84fcc25c1d3167cd5e,260.1362533679861
0x9782ed87cb88db33aa02b2ddd6e7f1b4525ba0c5,226.0792116939351
0x97d0778234e21bb6db20012cef386e96a8da3a67,260.1362533679861
0x97d8a41b7fbe46c23a0830facce8a306f14e111e,14.397223130306259
0x9845bc2f93fe281fad541a370e18bad6869eaece,207.79795807649793
0x985b5f6f8dcfe12931867d402bc3b22ad585b4ed,115.61611260799384
0x9863540b4861f99096ea5756119fe90a589c3063,216.89128033421264
0x98a239064abe84ae51ee607f9f80b5cf60a56253,67.30830646817644
0x98bebbe4218fcaa44fe5dfc0bc3b3244cf2a6c10,282.5430977982029
0x9971c0d87b8d566fcabbb20a394c2974844bebd9,274.57985371863265
0x998beea4ce45212681f17cffcd4e0d27179cab7a,2.388447297553307
0x999d7a52632eb5c34bdca0623218f5c845afe895,260.1362533679861
0x9a1c2d3fca972c0996f7fc634ef2f2636dd4cbf1,51.71799026102625
0x9a1d8a00b1e0d329f0fb147dd03958347f242ef5,234.05196553896354
0x9a256f7f8903595201d5cbecfa661af66036e78f,289.0402815199846
0x9a6c213f486e27c0349033c2af4467d2e59dff25,260.1362533679861
0x9a8600c7d315b953004ad7bb6d4b8cc287f4ab4e,194.01125510378046
0x9a944c9ff022d7576652f08506b541322e3359ad,1.5216098534275873
0x9abad4f2c35ea34f5dbadc9b74af23398a22b513,281.70494831735647
0x9ad04e956fb80057be0214782163a9ce57863db5,260.1362533679861
0x9ae86d46b7d8faa2cd7d877878414a506f5223e5,6.609513001966485
0x9b08f8a22713535dafa11abcaa8f591e7786b9b9,256.72082380268233
0x9b3d95a53a787a2da5c1f7a559d813991785fecb,0.04308364277195504
0x9b7583eb2d2890a0116952836d4ccd9685d68273,257.2995653645546
0x9b8552232b82cdb3ab7df2122f0595f3b4d018b5,201.10250573504877
0x9b9ece43a1663706650bc1bab747d0479835ab9b,103.80827345494585
0x9bbb1464120083092e494b9465120a1af18a88c0,265.95070441606117
0x9bc349bc76df3894b247e90786688d8e9a3870d5,89.06251534942966
0x9c5709a6ea608416e2e95d59bf67df433cbc2e2c,0.0
0x9c5e84d4ad2b694d96b50a7e618d99bfa2af7f5b,256.72082380268233
0x9c5fe1061afdb0b0f7e075e954b0b03d3f36e23d,104.27131830199225
0x9cc7e418fc302a06d412033ac097997bddae29c8,0.0
0x9d25111f99adb7f8c47fbe337ec4a42a77fdd984,260.1362533679861
0x9d97b55ca2a41e22a8ff9f574046ccef46009fe7,0.0
0x9dca20bef04b8c68d70a23ab11507e0e30b22300,260.1362533679861
0x9dd3d5ed66ee2ed9d3eae2638b444d6289fa01e9,191.0655124665329
0x9dd5c575d0dde151c6c9b9ea24ea591e5a4bf407,256.72082380268233
0x9df78b7da5fff1efcb231886710609fdc2bd5cbc,242.65205377934953
0x9df83d8e8981efaadba38451dec359a7c47b33d7,0.6011266780810082
0x9e1dd28160ddcd1bbdebcfebe5defc41bed25508,289.0402815199846
0x9e52da1fc6e32c7dc335cc5224d5058cf7b27969,84.67574104177017
0x9e5e9d8d365da941a7f8d3aae76908d066574711,260.1362533679861
0x9e7eada57669791f6f01efbe50447820f9e95272,256.72082380268233
0x9e814b592acd4e9eba3c474fd423b157cae6dac3,286.1498787047847
0x9ed818345479ed826d65563bc66dbaaf1567c973,0.8433312307368457
0x9efd5f2303d895a4ea08d5d17b54812a8be15ab6,0.0
0x9f1bccb3ff997ef9e6b33a42e7d70f52d01b23ec,260.1362533679861
0x9f83907da96693af5f5792c346a487dda3fd8d07,66.5140477017207
0x9f8adb5e09c32eb84c433e84616733a9f36fd2da,224.86182759090903
0x9f910545662439d743633ea7b204220176925a2e,0.0
0x9fa4e8740bf10425c1911c0aee8fbf7847a129de,11.223253573451572
0x9fe4b00720eacfb9ed336f6d211d9190727b942b,201.61612219883136
0xEE7AE186212454b9f904c9805F6379d641DF36C8,0.0
0xa02889cb828b118d19f3b24fbd09be7a90a4ff31,192.9813381985672
0xa0600ba5098b0832e88d3562e52753a077363f02,281.70494831735647
0xa063dfc51889cd5a2d01013fe69fc2dbb2000e78,176.57189214871605
0xa09a7699a2209928127852ddae103d92f4ed4a71,202.7316338670292
0xa10c3f5e8cca12c73379bb1d9b906033018ce8a3,0.050146609659054736
0xa12223530dff7568c8d7042e1a72652e202d16eb,201.42784073981238
0xa165783a1c5991e40fa85794199743cc5f9cda26,0.014783054777505019
0xa18e49759cbdc32e3975adee3dbf62eb6aa416f4,32.46754212482806
0xa1c8d11db657374ddd58dcfeca5a33fe739ccb43,0.002196149114453334
0xa1d055293166ff60c2dd8a4c85f0469349615aa8,0.009855369851670013
0xa1f81b9412798a6782e670d30a9c8edad257630c,289.0402815199846
0xa2108acf6b026e1e3f070d5e1572981ee0ace8b6,7.526769681129888
0xa22aff281d5d011afc9a00c8674dccde539de54f,108.01501114034875
0xa22be0bace8759060e79c870e18a4806c54dcbf7,260.1362533679861
0xa23547e22d2d25b924ce1ee917aa02691af18921,29.678993343392403
0xa23aaaa8b39c42e4f7587052029ddf0a12fa7720,242.65205377934953
0xa25a786faecb0416603535e20736c5897eb9b5aa,260.1362533679861
0xa26990442cbca46adcfc218f08b997460ecff5bc,260.1362533679861
0xa26c9102e8deb423ba5745f742e88c7ef4e005dc,84.30329118005986
0xa2766f5df01a5415a475ccdc1a37efa6489dc272,260.1362533679861
0xa27cc121208f473935aa7996a2e316eb025d6ac4,55.37924118015382
0xa3211cbfc07e194fe119e6dc859e4e8ca560ab7e,139.05059591355692
0xa32cd68f45ed6c399130123d6d8bec5c1c38dbb8,260.1362533679861
0xa332d9c253d35f8b1d753631d2cfdb614d6f40c2,245.19691126753972
0xa381cf65aa0a5ac3d154316ec3fe692742f90cf8,195.3776832359166
0xa39e67290f89dc2419d5f6bf7fe8cc448a80cd1a,98.3350794558036
0xa3a7ace2b5e959a4fdda2f1b54e43f26d2c22f63,260.1362533679861
0xa3dfedd5f4e1c8a30d0cf49b4ab18ce26b2c51eb,219.51237374033096
0xa3e1d50c1751073eba7197d3c9329bab30c05412,79.5678752588417
0xa44072253382be91791c62c8a301b36263aa107a,268.732272472722
0xa4460c8d4e369798728615d1523ff9e51550374e,254.52014672770227
0xa4736eed6e93c4e2181e7426f1b1f97e00e88c77,56.876931816942765
0xa47f27c4a43a7266150e4d5e1d54aa74fa17efc3,260.1362533679861
0xa4a2227ddb2a151a9fb0467bb6004abb71bbaf88,265.7757306877616
0xa4c1e9fe62551c5235a1ebe2d1d05f38b0de19e1,260.1362533679861
0xa4de2d47ed2e7ae6be773e68607e0f7d8d921fba,121.11053789252753
0xa56e8b3ee4685ce5a0096c821ecddefb43cdb077,285.2453597807582
0xa5bff2c28ba94d91a7e226c6df542740e7608cd0,245.91651434983186
0xa5edcb12642ab508132659c69559a7e1d3c449a2,260.1362533679861
0xa668a7c7d2739347011e3699888c4bf7bbc7c8a7,260.1362533679861
0xa67a18cfcf94c36c1ac6708ce473a8271ed2bff7,285.2453597807582
0xa681452db1828d0dbde084d542fd8107040f680f,57.995450632515706
0xa68c1cb54110e12bf4ca7a5d4d8b711c2f2be769,0.0005051344042106167
0xa6eb867815bd03dfa79cea99604c17c4bdf5997b,0.0
0xa7267b320f83900897971700d3eb9f17168e04b2,240.97450580987837
0xa72f93bfc30ba33b26ed46582379d921881337f0,256.72082380268233
0xa73ba145d2624b7f695584eb0a77d4f768a0e614,256.72082380268233
0xa796054aa3d574c41bc6408a9d1931ea72c5a5b4,224.2223368906462
0xa7a5cc57df9aec6b55b59b380dffdc021678d043,147.41054357519215
0xa7e28b94e9d63bc6f27ac2908c0f4f06fc6c3dd9,260.1362533679861
0xa839e44f9541be37dece3e11d3999abc31cbe280,260.1362533679861
0xa842c1f687e4438cf6b2bac6a39d4ed5451b18eb,0.7887515967728774
0xa88be76297f5f956aade0991e4ff4236c78baaef,0.08853330938386665
0xa8a7c7d514e404ce03daa7d8c7ca57c569aa91b3,260.1362533679861
0xa8ac5a2570d6bd2fa6d90116a82252980fc176d5,244.47027010960298
0xa8b2c0f237d65ee3e13289361b60df33523ad71c,0.0
0xa8f168cc9b76fdde57b2cb392246bcb451b09872,260.1362533679861
0xa97f1a2b55c40c278b2971533a9edc2c1a7ffa41,270.4320996755279
0xa99d9bdaa9b24415d3e7855589f16758b7dfa519,243.35806054772652
0xa9ad98d7fbb43ce410727355c583f6c9892d96e3,260.1362533679861
0xa9dfa71b144686a9fe710644b887793a12fe8649,0.013487749631706633
0xaa450f522d637270d71b06d9298f7b8ffa0fa408,281.8961135663403
0xaa66d1f6391a0cd056844dfee68a6782fac9fa87,118.48780271330608
0xaa6a0fe4a7a2c723b299bd4614a41095590fcfff,260.1362533679861
0xaa91f8ee5cb053ef6425bdae58b245a4dd6846e0,28.170494831735645
0xaae27c8ba967bcab9f70c4e664be02a6b0e1e5b7,0.8017482380288922
0xaafebd67d39c386be71e5139c2d7319259915a56,278.10119182711384
0xab3eb2ac760eda4785f76aa11248f64c1457d6c9,269.7192005174205
0xab40fa674c99a6bb560b326767891420288c2730,108.01501114034875
0xab4510ce8ee070e0eab206fca78a5f3c2ce4c0c0,256.72082380268233
0xab5ad8f1a733d07a3315ec323edbf9956df8d86d,0.009366410063611856
0xaba14eb67adc9c4cba59af7f8a50817dd9c56ce4,191.11095121381138
0xabafb0e43aab93006019bf87a108b791897c3f93,16.85768187747549
0xabcd47a4cc29096b8e4daa0d7f1f3f10f8500385,244.81711844742696
0xabe07b5c220a8efea3e85268b6806d449061d92d,267.98636510630524
0xabead256eae3cd13935d7c0c88585e3ff6bb8347,201.42784073981238
0xabf59670aa0e18be6888d70987675a732b8123b7,46.83205031805928
0xac2ea4f3a29d2cc69e5c96e03f254b5f704aa861,264.910252923846
0xac4312afb929ad1f407809d3cdbaf6d297fc7bbf,158.57329957982031
0xac4e78524ba088c86a3d6e2c8acbfe8edf6064c1,260.1362533679861
0xacfb199850196497c27864269064cb7237b48410,242.65205377934953
0xad0f042129dc0f864cc2c7f60bd2665016985b59,260.1362533679861
0xad6a86cc6f6e1169292e7bf325564e0b9ac812a7,278.2012709629852
0xad8d0116d965f0d9ab912b21a984589f42d5e16c,260.1362533679861
0xada56975c2b279be0ab030b7877c435419ec0d36,276.98509758572607
0xadbcc240aa7058bba3a4f20f91fb41471c546af1,256.72082380268233
0xadf3e92b1b3baf768d15b36060f9c4ae4e13b99c,255.53427951914853
0xae19e2a511432de9cca78e7364c01878c2403d7e,7.3127191224556105
0xae2ff9d38f5e62db9632959f164b185d3c7ada1c,260.1362533679861
0xae710450c2bb3d9d158e3ec077ad2c8f6bd2753e,260.1362533679861
0xaec9d2a8f5a10e919c1e85837f642da4a1743a0e,207.9146019232213
0xaed0f4a8093b2cb55c227f3d13f910752e44c717,198.61739550216444
0xaee0bfef84c84c83c2a3537a1dc11a52640eed0f,214.94805233659608
0xaf52f13356413de084c88affed355a2b70edb692,241.18089024271356
0xaff97025dcd4d2e4a553bc891ddcc5a248a65a13,260.1362533679861
0xaffdba0ea423ba7631477e3f02835ed1c961a3cd,260.1362533679861
0xb043cdfdd74df5de93ee224301faa2e3b5f81223,198.78266611789473
0xb0e9ae7b503b970de75936b3d5115fbc7e958885,218.81395074607892
0xb13d5d992325f3ba9e561899c4ba59607c0658e9,0.04392298228906668
0xb14baddaac0a311c9db26110472dcb22d44dfdb5,260.1362533679861
0xb1699ce268d170dbfd9848a7d8469b775852243b,285.2453597807582
0xb1897a5fa8622b4218ada8f0f3b34ebe1aaf4a83,194.92963139266752
0xb1ae6428b05d59e4ca8641b9b7f47fe17d8dd715,0.8382168164079553
0xb20794dc91a48c3826de8943a7862ba382821570,199.6513676148162
0xb20b2bd972500552307b0ff1e245b294e540836e,281.70494831735647
0xb22ff8cfaf0b412c880298886f0a20eb4044d2fc,260.1362533679861
0xb2511d0bd74db52eeb6e1f406dc04bb8d620ab2d,263.7442738979656
0xb26736d28315c27c4b571f7e932f250ade699f1c,1.9737168856107434
0xb2c6b4e7ebc01eb845e0d58a79fe6cf169953dbf,264.51208660128015
0xb2e1eb688deb3e5d1d8f4471ef8b1e42926c6bbd,260.1362533679861
0xb2fd319950a87de5977c776647c349addd5aa007,289.0402815199846
0xb342f45b33682f4871b19a225636801f10098fc4,28.636575904739388
0xb35715a44eaf30d728965757ea74e623a09e1664,285.697048163512
0xb38031b51e593486b8ec2502659f15a72a75b104,260.1362533679861
0xb3841b3ae3edcb3aed6bfcd3eeb27740e87e6956,0.0
0xb38b673ae6b4ff9cb11f3113d286e2d6b834f47c,289.0402815199846
0xb393926fad1f83fc555fe49327ac224518361d6b,260.1362533679861
0xb3a93483302745cf46f1f9eaec0e76a317980640,144.84265660655126
0xb3afb4886161b0640f392051c3ad3959fa10d2bb,159.2228082560938
0xb3f2ec815646b689134659c4b23dac1645b9d4c7,245.74147930769394
0xb4176e08544d36dcfa350c56781b4b8063656da8,260.1362533679861
0xb4238c567da0c91ebb08827f522f3bde821a517b,274.57985371863265
0xb43d324ea8ba7b313b585dcd92ce6ef687d595d6,279.9086863169501
0xb44b576095efddbbac92465626645fa00c37149d,196.86952298438487
0xb4a190f0d8dac48c96c8062c72c941a1540f4e17,0.0
0xb561c312466bffb477a34fb6e58058c30e0598ab,256.72082380268233
0xb5ae25a2824848da97ca775b578a1bd3716ab2b9,92.59739353543462
0xb5c8877cae5ee53459909e27fc06d5a355607da2,0.0
0xb6561e4fe14a8c3123fd8cab5049f4624af42598,0.0
0xb65ad5553bef69a4881410658d579b14edb4f45d,0.06991865085984944
0xb687d8406a1688c72c0905edeef70f23250175de,155.00344496003606
0xb6ced773b77777c9dae8abe0bf0abb6bffab364b,244.55698219405897
0xb7422c971cbf63795a2dca5cdd2eea4323ebed33,260.1362533679861
0xb7d3c219485792a75298704fbf4ac86cae735f25,2.2677224461365277
0xb83418d593c223fab66077aca393da617314f78f,260.1362533679861
0xb8c1d75ed3a47919517137ad3b1d6726dc589d6b,0.45484261550117155
0xb8cce08cb527e8b2a51f931801d52c89b63cfadd,260.1362533679861
0xb953ea2553708880a0a0adffe73f62f32797df38,260.1362533679861
0xb972a4c4f08e6429f9303e16975f3e3464371be0,260.1362533679861
0xb987ec03b94ed5d0dea5e62cf745377c94575771,256.72082380268233
0xb9b33459a78c16d764b452f003335c77e9170cdd,274.04672269186324
0xb9be4516c26c511ca7698af094deaedd28ab7256,190.92940018984993
0xba49410466fcbfa49b0da12f32f2c1d9114afab6,85.57265604897441
0xba877792427e6c10a00f7f71cbf3f429ed57eccf,3.0943911337916927
0xba8fc93e6179b1750f4068083782d94fd5ac463f,281.6416032905156
0xba950564c9ed1b3bb20f98e9bde7f34ef47486c1,194.98395848332822
0xbb0e19bbc7a93d60a8beef3097ab0f374f9cc25b,0.01551776274945387
0xbb1a307790edd701f59d544d85fe2e0b698a69e4,212.0180701574923
0xbb1f28c0dc7055fe527302b4c05b5346729e0eeb,115.7630889618233
0xbc27b387c48ef42bfe84960e6dafe991a85b4688,289.0402815199846
0xbc82edb7d4b97aaac79ccfd1b391bd082ddf5ffd,260.1362533679861
0xbcb0440140d74b2a33e35df3be33ad1052958a6a,45.613065892966326
0xbccc3067d6e36663df0bb1dfe77ba0e62a604883,7.939185247952693
0xbd21486e038774ff4473b054d8bce0e3ed11ab8b,266.494143083777
0xbd5eed862050264dacf6c58cca84f15641db25bc,243.9851774515254
0xbd96cb16552173a88c007892df06dc8472397b64,260.1362533679861
0xbdaf027e81da247d9bdfa73ff0879caf274bc3e9,193.97626472942275
0xbdb7107ae57b9f0e18247d56a5f3fa5ed19490c3,253.6708430392672
0xbdf2ca31bb40ee56b1611c487391573d0e2c8d20,260.1362533679861
0xbe49521211505344f44855ab3bff3702d7b2d596,6.923914342241109
0xbeb0fa23d94d2cbecfc6193f67970fab5143522c,260.1362533679861
0xbee23bbd013b1526d43105c98ed1867eb4514879,148.88231157082242
0xbeed019989979a55f2aa2e5bbdb0bc7c28d85fcc,121.38021900074345
0xbf24025825b3ad6f6440112726c9a16313f04880,104.58383599280236
0xbf3f0d978b91a28e95363142ad96414b4440de94,247.12186834676936
0xbf6523dd8e6967de0e443f5836ccc64508436925,5.820116226281316
0xbfa5ccdfb28cde928818c646f3d90868311e2f34,260.1362533679861
0xbfa6cbf46776e4683d47fa2f6183bb8ae435200b,267.3854730497926
0xbfaad8c9c281be488e1dc383dcac38ece41f136e,260.1362533679861
0xbfaffa4b702267b71f58180268c133b26890f32c,260.1362533679861
0xbfdf6cc045816a2634191b204a86de2e5ff26586,289.0402815199846
0xc000844fe97620d2be829c222457c2c0b392b80b,0.011777830581260647
0xc02649a57059903de3aecb91b738de0594b77e5c,260.1362533679861
0xc02fef64345199c21cc2375f1bbab6646cdc8f1b,150.00197759948796
0xc067e0ed25bb7b85ec1bb7185e49ce5a4b008fd2,0.0
0xc0b3d01035dbe7e057c7a866efe1e06c0bfbc3cf,12.505725177949062
0xc13b21dded148a646cdff38154c6161d387a303b,29.511012743190427
0xc158abc17cf1a7380145e5c21d1466ab493c8363,271.55156504290466
0xc180e7af9dae89d7d823da6fb48158ae191b0572,57.28810790402813
0xc188d179454785147a47c996bd7d6a54f66d63a1,2.9380272057418093
0xc1aa77c4bb23fe5f45e14268cd4b6b8687d32cd9,256.72082380268233
0xc20136f6fe170d22830a92839cad2f3c87b9b5d6,4.627175996658705
0xc28b4db9351e0e9dab2509c9c810a0556fa17ec5,197.60627409215954
0xc290fad622b8c5decb051b7cdfc96788af878f03,0.007121464463129808
0xc2b9726a882baf58f82eed782c90257745994f48,260.1362533679861
0xc2ee5abfeb4a3ae2a8e13b62a271fbd97ab68ffe,260.1362533679861
0xc362d57730e5725bc25936d1401ccd34b66d6429,260.1362533679861
0xc3783efd936a727bd7c34965a3a72c370c8a1363,0.009366410063611856
0xc39a757af71619feceec89f93d46409f9c786981,260.1362533679861
0xc48baa337fb8d6ba6a77056debf83edd6ff83b08,260.1362533679861
0xc4a640f3c42ab5c9c1d964d01d4a9002ec177787,279.9086863169501
0xc4b18266aa8acecdaa253e75d58b098b70bff685,3.2316500673090034
0xc4c49c1042826071c1ad111301ac4bac03388121,260.1362533679861
0xc4ccb79a25afda33a1f3664dd771d84b3eff93d8,118.36376589438633
0xc520b956cedba9e31fc9a6971b48fb911da1522a,241.69970274633118
0xc52ecefc9621b02849cf654583e094cfea584788,260.1362533679861
0xc58cd0f9889150bc76aa5da89c1019538a239a64,8.621282579880344
0xc5b0e1600ec6fcf5093b302d53e7bb232cd78481,2.656075749210685
0xc5de7c7298b8568d65f8871f39d443733d8fa14a,260.1362533679861
0xc5e2619249a47439272cae4545de1292982e667e,208.75891964958564
0xc63482890a11b1bdd679f2114bdf990be25eb3b5,240.0264190977765
0xc6431caa470b26e528a9045f454f2a327a22baa7,256.72082380268233
0xc68aefca9626359290378ac661147d2cdd1312fd,14.45201407599923
0xc6d4d2903eb7ac5ef4804a775f4abbdc8e6c4812,204.77579830723428
0xc6e6e14dd46ad8267e1124654a59e2242f31df63,0.009366410063611856
0xc6ff877c9c54fb86d5e18baea165035196276894,271.60964218785085
0xc70508ecfd74506a293fc9a31e7c35cb0c41015b,204.32117028652561
0xc73f64f7734daee58f723b103f673930b72df649,289.0402815199846
0xc75377a551cf9f756386a0297dc39138f37f4b45,267.29422130288674
0xc7690b5456c797dfe5733103dbd5e21289ddaf20,260.1362533679861
0xc7bfa94c0c2bf5ff10fa65c174b2abca9858412e,279.30888465786586
0xc7cdebf90ce828fc210ef06480dd672aa165a56d,249.89921488616767
0xc81ce307b86020c6a805e2bc667f62c5ae06c1c9,257.4751583354442
0xc84a2e91fc3270ac1f2d4bb6300dd2f0db938150,245.74147930769394
0xc8517eccc29e1abde1823826e4ed6b74b8317a12,55.56644119360585
0xc87f716b3af8a23fc28f78981d77f0c82300ccc7,184.20154516726888
0xc903c3818e047851e3adde15a6243c2f616449a4,260.1362533679861
0xc90935b8ba57df26fe127ae27d974e8e4d4e321b,260.1362533679861
0xc952462480ac0f6bb127908387e7333333994719,0.03103552549890774
0xc9aab50627c2f728bbc01db714dfbef778ae33fe,0.007121464463129808
0xc9e31ec3571032b9007c192c9d89ad7662509fd2,256.72082380268233
0xc9f8e6991296b43b099988ad7b8645b3380ecb12,14.563831616047812
0xca20efb3e375561121a609573d528d9bf4962b41,260.1362533679861
0xca2377b7aa770e551ab6540b09f14d5b5ff72e0c,257.8184958335183
0xca2e6cff3f72352786e80e81ffbc67330d9dcf95,260.1362533679861
0xca3a860c13de5584442aa4dc2c377caadd390fe6,260.1362533679861
0xca67138fde4d6e5166d5564cc5b1dafdc03b2def,244.267941912539
0xca70af1a53a39eef0f9c10aa61bc9c10257faf00,54.17457624522058
0xca768824f88bc01c8b3d27bba758e47f598d675a,252.3313347951491
0xca82f5e7362d35a423830d8eb9c35a78791447f2,0.0
0xcabb26e8cff4a47d81eb101f2e04b638cae33edc,260.1362533679861
0xcabd67b2a01bb0a17b885cdd824f5012b3734d8e,244.78821441927496
0xcac19956fac051c7d9101ff235594e501fb59a4f,0.8408335231226962
0xcb4b98686810099f6a6da89358ef0e73380a66a1,256.72082380268233
0xcb6455017bbf622b79a88dd3c1be67d78262a08d,283.322053895413
0xcb6e6da2f38a9758be9d29200e156666516bfc2c,0.03978393762942085
0xcb81e92dbe141c1c61cf428af8598690b0d03795,260.1362533679861
0xcb8b1f4e4b019800214194300a28b073ff726a82,260.1362533679861
0xcbf8ad74b2665515cadccf5024dea027a11f16af,256.72082380268233
0xcbfca525235a0a2054bb9b91ae706d8a415aef8b,270.4320996755279
0xcc94c4325dbfebb206099d4cfb6e5c065af4c5b6,0.4646008123649514
0xccaf85b10a5808242987aeec6a5e34b09889573c,0.753132229889586
0xccc171c1941c00f03f6a1b49749135fa0a4293fd,181.43927936518062
0xcd27de8fa5b810221c61e0ee1650665a607ff026,198.60676257431814
0xce65f359a961c234f083926444adbcedf343c590,260.1362533679861
0xce8a0c383dbd2026f45f13ba3cfeaed9b6287106,14.470561965247377
0xcea2b0776836d15992d9dd40a1df76d729df949b,199.09769204116947
0xcec441a80aa4aaec72860e432abc91f31f06e1b1,124.31280897151483
0xceca00dcce0f8845de8fd17f5317f6ed2403f395,260.1362533679861
0xcedb06c743607ee8a2371f887c8c0aea8a491e5d,14.094805678317014
0xcef5ca645f36fc7b4009cbc1ea59ed3414e7385d,260.1362533679861
0xcf6323b2da4f26fe50a402c32185c12b5dca34e6,201.77592140985442
0xcf7f778129cbeee37e00c345d768b7387c831ba3,260.1362533679861
0xcfe51f6d09e905c440eac39b274119a49c6713dd,260.1362533679861
0xd024593b4f9fa764df6baa88dcd222eae0de02e6,260.1362533679861
0xd0278f6c5239453685b54fe092b0263521e73707,7.1809157384304925
0xd0b727ef8942b90ce0588b4dc8a5f4082f5ebccf,207.94830420646335
0xd0da7980a052268e931d5273e6cf27b773da6435,270.124252271322
0xd1159d623adbb66f8c2748ad95848a3fe623ced4,244.58588622221097
0xd1651a93a852494940b0b79458326fa08cbf8517,270.22991876570734
0xd17d1aa5b785a4ed57fdbbe5219d9d8a92ef2549,274.57985371863265
0xd197f15d52dd1445db51c4db5a92968c677ee716,256.72082380268233
0xd1a2dc8a10a4b5560d07c549ebf3471dd5485bca,198.61739550216444
0xd1ed24a211a0bcfc5fc4e9a2a70dfb049b65b355,261.19452180082516
0xd206084e7a2be505ad01fdf9636d550bc9fb397d,0.823739561155898
0xd23f3f389155d5ad3de22a3b7048fb74a5fc794c,260.1362533679861
0xd23f46957c7cef3dcf2db50dff33ef5100b9907a,268.1235143214241
0xd27530c13a152ec033eeadfb092cc08013df23ea,0.12624126736961747
0xd27bf1408202b000f3fab94310017f779c5a784b,246.72478430545885
0xd2be55a5d89b12d5f81f3a287aeae8f1602a6056,212.0180701574923
0xd2dbd13e10fa2d8fc98ba0a6269f2a837df9cafb,9.86636397482191
0xd2f53d2ec4d87c7593e3a904f854502f0281b463,0.0019400805215921539
0xd311bd19b34447b7afb6cf2ef4cc093c1c382268,260.1362533679861
0xd331fcb87dfd0048aa5bf48cae9e72258057412c,260.1362533679861
0xd38fb93434ff587f59b21b1bf7012185eb6e4826,227.88178415020664
0xd3aa117eca1a37fd64a49dd6380c586e3db8894f,260.1362533679861
0xd3e0c9a7373d3552753da5487d7248fb4f94461a,19.387683736614537
0xd404f48f487bc5d70da088ff19f0c96ff1d4278f,260.1362533679861
0xd48650f9752ba793b773525e0a31559604385b59,256.72082380268233
0xd48ea6f13edefc388e5a07c65be1fb3b9b34f7d8,0.0
0xd52776b66d570e0bde9da53c5fe8f22bba96f47a,256.72082380268233
0xd5335ccf25803bae6dc7187214caab43265a81f5,260.1362533679861
0xd55ad76d763d071136f3d5af6a4f7821dd2ceee3,213.59774535164775
0xd569ea116de8f03c15c636bd8e1289c55db8135e,0.0
0xd5a7659a4baebe238ccb13d98b84329b784912a8,108.01501114034875
0xd5d0edc935057f942a09495ccbf02f1ab898e6c8,260.1362533679861
0xd624612f34c31a6181a48e1399a0247e7d59f01b,260.1362533679861
0xd677d461d3069c833d9b831d651d13c7924069d9,229.8039255531807
0xd68ea21219e9edaa69c0c6395b3bbf53b2af4be5,55.55025388253785
0xd6a1f191a7f1ec3cb4b95b0721ebb0d1cf1ebf5e,289.0402815199846
0xd7535ae26f7dd080ffe93ac9c5d6d8c067bf2397,256.72082380268233
0xd76ca6590fb90e41063ce7c16a947aca404d9a72,42.41115178369802
0xd79883741beb75fed0640de8ad5f10f6f29624d3,0.37039044281341155
0xd7b970610a16bfd44f4a17a9c326a649ad2736fa,0.0
0xd7c3d372c4baa60d2ba75253eec947ea42dadd46,0.5343102243382051
0xd7dd42840fc40a3ea582e8aa49fa8dddce8bf278,260.1362533679861
0xd7f97fd74d3f2be2008e1f1f3674deec10ab2109,0.009855369851670013
0xd80e8835bdea985b4be232f9e5cc7cd8f4aab36e,260.1362533679861
0xd82c17de6516fa784321bd4c152ae9ae32f6faf5,283.0666116789265
0xd8350a76e2319cda376e3ffbee00ae0fbb4a9ee0,188.03392025396303
0xd836b6a0f42f683bc7e60b1b0c7e24e79b56b500,232.99012552521788
0xd8701a713afe0d3f3c218454d58cacc7b89108f5,195.2227223241994
0xd871ca1d209434909c45fd4f694be5caf89beb59,202.50725760255708
0xd8932c6c6783d74f518989f6fb172f09e4c73f81,260.1362533679861
0xd8972d7c8f1ba8e9e34603b5c7eccd9f295d4867,260.1362533679861
0xd8a8a3bf4ca3e3472c4d8efb095efb5ec29bfac2,260.1362533679861
0xd905470c3838049085d21cd56c9f9d20fe814e04,0.03962827104213591
0xd924ec3dbc4f467a947260563070fa68afbd61ff,64.55957286569546
0xd9740aa7278080deab7c7c662c3db00569be7fb6,198.6922398845195
0xd9925689cb36bfc3e2f82ddacda21c231e126ee8,87.74133104563448
0xd9bb01a3b211c34bc8ecb0d17c4ef172b17731fa,260.1362533679861
0xd9de6cfd2e8c6953a1c07875fccb4f72329d1beb,256.72082380268233
0xda027e56df7f97a6acad3bbcdada4e88ab56f7d5,244.35465399699498
0xda316cc0277834729df951e133cd8e63ec8afebe,3.0349229559598383
0xdaafdfc7f1c1369e66d9dbb1cac5e95c5260a973,260.1362533679861
0xdabfb73a5bb49859ceffe9bf5b0afc45b694f311,0.021569673936613944
0xdafb706ee05ac4f4718c9e830efcfb77cbe89e17,257.89370880930534
0xdb07501c29f52beaf8736188b464d95db994016d,193.28068670184965
0xdb373dd7723f1a3dc7c6d94f1e05b6d5bbb60f6e,256.72082380268233
0xdb54c4720aae00f4a9dad430de4671033b7b56b7,256.72082380268233
0xdb7046906d129c6a49b5ac0119176dc7947a6b35,289.0402815199846
0xdb781628b16308416af07843e9673124cf1d339b,200.05924058179073
0xdba811cbec08de5c75130dfbb513741be0e64325,0.9827369571679476
0xdbaccb72078ce87dd8e12bee064cd0fffbe4d48f,260.1362533679861
0xdbb0b4c7b00283a892e1d0974613f488343b9a3d,257.75173051100984
0xdbdccb81e85efb6e43ad1404a01cc0e8c73fae9c,260.1362533679861
0xdc3e1ad0246a2256dde1a6ecf36c873a65b61e38,0.9222045092313442
0xdc3f42bf5b1fa1eb5a6cd8a22155b71b747e05b8,289.0402815199846
0xdc60282edfb3ede708c4e70f35adfba7e8dbff69,260.1362533679861
0xdc9ddb8842f1a75165d8f84dea87e2141f20c6fc,260.1362533679861
0xdcd45cffe17e98630fadb7e6ffd04470f21823bd,156.96853225904195
0xdd03a47dcc3805206c072862bc33f3b14bc56b36,249.4706669798987
0xdd81a1c4b0b87f9e582408b33546900539762fec,185.82288825322965
0xddc287744d27dc99af44c50e16f8d765abaf373b,105.54329765468324
0xde59d86930424ee01d6eb2255affb2b87c52d703,207.22036023605568
0xde5cfde86178137f7b991b7ef622d34dfb9d8e03,201.50844411745936
0xde791575d31ce1f72168ea142a41dbcae863ecbf,137.0199237968273
0xde7f8a5930814eabbd68040f551c832cc88371f1,48.1180658540656
0xde84068d1eda94c9c1cc97c31e2e8ec7bd302659,260.1362533679861
0xdea7f9d410300189f5da6f87f59aad34671a57f0,260.1362533679861
0xdeff36e7fc97af87706b732b7001dab369f43e19,260.1362533679861
0xdf28ea5aa78bd1fa3c523ea8fa9570d288c309ee,260.1362533679861
0xdf2b936590ba54007cfef6538cedc7a44d480e9f,28.966448867561887
0xdf700ee1ff0b4af980cabc7bde75df88acc36a48,139.05059591355692
0xdfb1919dfa9d964915fa29d5b919dbe55f19485a,260.8612705075814
0xdfbc04161b24f317e834a8b848187a7acd5d5bc6,0.0
0xe00173ba4630fd1445f1ea9fae4588e52f80c26a,257.76608497020163
0xe09524a118a5227cdbe245f0f70f1c2ad76ec725,264.94903209503576
0xe1020ef868185c774048c1712d50f6bdc0c61df0,85.61243320660853
0xe12e182145c6277fbcb59e934ad03c4a8bcc2962,260.1362533679861
0xe140817b45c8611da813facf060fdbb6bca09855,260.1362533679861
0xe18fea1fdf03f975d249d4b0304cfb679c3e2f22,260.1362533679861
0xe1deacbd190cb418878e41065da55111b8d78395,186.67778393072564
0xe20efbdd59b83db80acd415dda7140f89a8be52f,260.1362533679861
0xe21fe2de623ee26d524f1901a6eeaa96110d5bd8,278.10119182711384
0xe2847cf01467acd1aaa7d0e311ec0b88aa391d69,186.905547211227
0xe2877f28811b70b6c4b8ea3e626d7e345845c044,256.72082380268233
0xe2a3c79b83e8d1a08a2cf42d03c686c94c873a54,252.83806363707512
0xe2f95bac520cdfc22b5d8939d011aebad80c7235,0.04308364277195504
0xe2fbe1e78f8abe45cc4806d3735837c0634ec38c,260.1362533679861
0xe308d945d74ca09f7a9a05c69d2dbd4c4d7409fc,115.90515288951383
0xe32198eb9d53de8cff08f220f1a71981fcd51b95,8.726469923174635
0xe33496b5ba084e4206c149036b7a8c794bc1d21f,0.7561128807573994
0xe34e4a542f71536505225e094087894728983dbf,0.0
0xe3d419e710c98a7b437a0e95b74a4a90dc2e38a7,64.16287831450992
0xe3f6c63e86dc9c9a1735e81a37504184e2c0f98d,207.5137280466897
0xe4003233680fd76b8f3528a6b11671949541ee21,190.3645777289323
0xe4135eeec149cc568f6893fc7bb3aa0ec24599d7,232.1467296254319
0xe419463d9732008accac87719f8d6cc205ecf087,97.75016647378362
0xe43ff27848742a13586c19b634c0f1025fd0a435,260.1362533679861
0xe469abc50500f79ab21cd7f7719d16e6ca375dd2,260.1362533679861
0xe4798293c9bd54414bcb3969a1f13583afea5be8,0.0
0xe4a2b80d30cc3ceea377908e2efa9f7160c21885,256.72082380268233
0xe5134161d92ec77f2988ed4b65614babca6f0207,188.51426745111928
0xe522416e3b6684dcb2113c505c5b43434aca8635,1.6170238698000852
0xe5355cddde8ab9851e038d4e5d527aa9bd9e3172,254.95169745584147
0xe537f3151c449b7bf9fdc931370b295304877f4c,248.0834379393434
0xe5672cbf2782449b6b273772abb799643a4bd384,256.72082380268233
0xe5678b97c76c5b27af8c39386aa7c853ec1f0c61,0.0
0xe57427035d2ef82439b8264d033bb6cf48a8f66c,0.13453340213438772
0xe574df1f7d63fe2b5b46c26db3a469dce84db968,0.0
0xe5cac9ac6d0df3b6bb80a826ddef4d0c15d67de4,256.72082380268233
0xe60ffbb494035b36862c257f0892877174bd0548,286.02993674382907
0xe6213d35148f80bcefb2d99777df0ffd3c83cdd2,275.878001233986
0xe6402678ff9bacce385201c80ab523f37dfd9485,224.13264795588995
0xe64d54d15f40abb2c3030bbef0c0cf6a469c2be5,260.1362533679861
0xe6b4bb12576eeae16c9928b21443beef92f69b9c,244.67259830666697
0xe6bbc303f2b5eeb4d3ed56dfd5f109deb23d89d1,271.60964218785085
0xe6e1c8bd552c8e462aa7cbc2bfe99ab2e08c10d7,84.40410195912634
0xe6e5dda3e6c0ba12c587e0609e9bcd8f5d58ce8c,20.370324665643867
0xe704e3d376052324560ed089930da1d5ff770433,289.0402815199846
0xe70b7bf44592de5815c0cecdc2a1fa92b53623ec,241.12385325790981
0xe73b5302fb5224b419be3732660c7f9be64e0b41,1.0929709301127783
0xe74862b296f9b46d24b4b187cee894a3d62481cb,193.17481753812805
0xe7b6f87e6f5fda4ae5f450e7c9bd8608780e8a2e,205.56548727371057
0xe7e0180ee9266714033fe641376b123d888ddc23,0.10439978603798838
0xe803e3e82c959fe5055897d9f71d4d46aa25555d,0.7264922785582729
0xe810fb7d33e4a6ff929189ad11fc28e8fa297e64,285.9450959826048
0xe828b4256f6dd08a640395ea7a0b2aaff26042a3,193.76751023921753
0xe88044687252cce89515ee94a7bc9c78266a5602,260.1362533679861
0xe8e407f53e4ca49400423b695a72489e34ac3eda,260.1362533679861
0xe8ea524359e3e9aed96823e09bfe30d54aea4bf9,0.0
0xe93dc0320b47d45d036fa26a3e730da4f3b01acb,267.8685035681174
0xe95dea7ccce33ab29f1ad54192547e0edb4abdaf,260.1362533679861
0xe965f99a2a8fb757085ab61f164de88a6e1790d9,45.668364480157564
0xe9c25ab27e4c6835d05d525fefa12aba1043deb1,260.8612705075814
0xe9dbf9985292b47befd821a0505fc34cb1241b08,0.009366410063611856
0xe9de7be7286e6d40dc299fde3186bf1cb939708e,260.1362533679861
0xea1f1dc6748b4d38c56113bd94b053dd05dd91fa,256.72082380268233
0xea41317ce183aa7eb55c54d1d0398d8937e85719,168.0803833804681
0xea5fe947377256bef3a66e85f3ab2308adef3f14,272.58622562963274
0xeaad8308a6419a5ea8494774c18dc9f98a5cf385,289.0402815199846
0xeb739b7130c4c26c8d3e48df7d995cc586a26b46,217.45596550601124
0xebe346bc979742e7a378c16f2d36c8bba25907ff,201.50844411745936
0xed792be371f623e92ce456eaffebc2902a2b34be,147.3437804323045
0xed7b86e1dcfb0a95501f22b47262bc886cdf9582,48.72450957424542
0xed7f6a22c27fc1a3b33915d9b2a3f1810dc8ff5b,116.33423009963172
0xedb820fd4baba5f5a1f4e5a9c24e795ce059de92,0.0
0xede4dd8e3f23ae5eea35327bd68997e22f68edd2,187.1915869587692
0xedf7d95ebad1681d0b4a7115b4ee58306ecc429f,227.8750708596441
0xee3bead296c1b854f4ff02dc294655d02ef43b63,63.70625888875056
0xee7500f6237ae3259ff4b2d42da19b8c0413ef6b,188.59370867625606
0xeeacc31ac2fdb1dac41242e4446abcfd0b152ab1,260.1362533679861
0xeeb82ad3dd87f69a37d2af25bf3ce6275254e75e,108.01501114034875
0xeee6bdee390ac33df3b5eb3b63ec38275ee535da,0.0
0xeefff28fd65b6d914544e14fb7b5782444c4ad6d,0.0
0xef2b0485601e62d68108e54c3c1a808aff17fbb0,241.3491628657438
0xef2b2e5e5f6eda77b8107907961eb1a346b0328b,0.0
0xef4dd627e45ddd89e07d53af785383fa23134793,260.1362533679861
0xefe27ee4f425ceb04a49f523d28120190731af99,244.61479025036297
0xf01a3f203d9d4df62f74d4896d772fccd5b50a74,0.0
0xf030a334d79c312581a7daaa9bdb5048ba0bd8d9,260.1362533679861
0xf03c23c9d5d722d3e8ac0a5b8bd11074fbfbbfb4,260.1362533679861
0xf0451f74e19a8607637eb447cdd41e9090fffa4e,270.124252271322
0xf0847d5b15aa46d9776e556960a282df50924796,260.1362533679861
0xf09cd62e2a69860581b747cfaf3898904227fd65,260.1362533679861
0xf0ca27149e8639a9605ce1c0ff629950e9647e81,260.1362533679861
0xf0d2f0b8f77e15f0bd54ff45d7dd34be10a59fbe,289.0402815199846
0xf12caeb9f353db5499d5d2a36a8c61e59b57e21a,193.6735884436582
0xf12cfb9f177806e19bab7a3a5b66ad5551f3e779,257.76608497020163
0xf16d8fd04dca0e29e61810ca6b3bf38c2dc38a84,0.8992138448552297
0xf194a7efa791a7518e1faf4cc3f889147b4b27bd,0.0
0xf1d6886f4bbf7fbda3242515814027aa9649299a,246.19389211561526
0xf233b039d27a019815f84f8040a43ecb6455089b,0.0
0xf235df0220ee0c3f969550553fc3066fa7f6d38d,285.9450959826048
0xf24bdb1324a7f06a92efbd4d6dcb1fa32bd62f63,260.1362533679861
0xf2adb291b03da41b24d8654fb1bc24cadf75bd36,66.5140477017207
0xf372f394ad9507f2a87062289f2687215609c56e,146.1387663365042
0xf4383c5e563498eb4a626d63d39bde55d13387bb,222.67831818361833
0xf4c7c88c197fd2cb79db2479d08a31b2fa069b05,66.5140477017207
0xf4f7b168680b8dccf863acc5bce6b385a9be8801,0.04182209800039409
0xf51dd0b0db390ae00a5ef89ff45de7090f302a79,260.1362533679861
0xf54f079708714e167d97d6d7f5123da7e69cecde,260.1362533679861
0xf557525378d5f81f4a6ed3e0569323b0f9fd5ca2,0.21311356598006723
0xf5d28404843e011d6d731943d7e045daa4b21b94,257.6157789688774
0xf60893b77d444f38680c46abc9aefd47809850b0,260.1362533679861
0xf613658aa91c3e77993c03a10d4fca50631c2546,289.0402815199846
0xf69f87dedbd7e609d60dd2ef7884d52e830ac0d6,289.0402815199846
0xf6b53c157add57b11e672a7e23c469009b1ba633,218.81395074607892
0xf6e84cbc432129ade32b61a33c9091fecb7df81c,256.72082380268233
0xf6f21ccf4a411850323ac5aa8307683e3bdf19f5,260.1362533679861
0xf765427e04bbae7a8173bcccafe256f1e5bd85e8,1.1733793754861257
0xf80aafec0c208735cf47fc271e0931769c8e8dab,212.4041007670292
0xf834fb605e1c6edda5db39e3a38d904d4b4e774b,202.78836567316782
0xf84132e1ef603afd9c474966bb8fb331f8c998e8,260.1362533679861
0xf879b813b52ec7456e6952c202a89e5a9177d180,0.0
0xf8bcb80bfa0ab279dc0dd0ddad2359bd833153a2,260.1362533679861
0xf8c8923187b2b513bf8f101c062e1c24fd192b9d,260.1362533679861
0xf8facc7a3c9584c4f3fe122c319f76ef7a22e13e,256.72082380268233
0xf909a25053b5794b60aaf7f3dd74aaa706fdaf5b,267.734806325997
0xf914d39e96b09c2bc65ca42a2eb37a13aaa9f1f6,0.0
0xf9415196859d5478327eff3cc32303369ef88120,115.7630889618233
0xf9979f1865be5deafcb639b9782f932f069b1946,260.1362533679861
0xf9c434233e60aef11f3a04f991f04a8a873c90ad,0.009855369851670013
0xfa12ad6471009c4b4c2cc22b34b843cbcd235d31,260.1362533679861
0xfa2c336ef61a142906fca33eb4b4ef51d09a1453,152.66927536497136
0xfa60aa5be6b7f282d7e92031fb1577c6fa93cced,260.1362533679861
0xfabb64a164eee9a437a65a763195c8c3ba8bca0a,224.13264795588995
0xfb02e7df172d387bdd392aaf91438e290b8b38f3,268.1235143214241
0xfb1e6765042ee24ac4654fabaa3871d2cd34a4e1,203.41921040102662
0xfb202b8f25b51d5de6193c67235c14022cf43d27,1.647479122311796
0xfb45fcfc55fd8f43d4055a0d7542791e589b0f89,283.4968819656896
0xfb46ef8fc0ae6b6d466bf4c08f5afe79ceacf18c,2.330833588687654
0xfb884a568c75d1d7bcf475ad73c9b01b0650caa7,264.1201833096617
0xfbce8aa79a59b2e7004e89a90bea3c9d35b69a51,260.1362533679861
0xfbec70b77bb2d1980d040f2917b1624d09edc986,57.8654188566979
0xfc3a077571a3619b71982e4dfb9449240b090825,242.61827781037437
0xfc55d15fd787417d3eb4deb0af12b68157315f69,190.40566916114236
0xfc6e9d9d7a2cc9f144c9e737608bd60d653bbb2f,232.99012552521788
0xfcb2cf5f04a7eb60d2ae16ff1392103076ffc1ab,0.9628892124644619
0xfd3402d440782bee7d7a9f607c55576cf81e27c0,289.0402815199846
0xfd564e40fe6befb91aff31a611e1af0958f7dbaa,11.76762874476556
0xfd7b2b85e96803557b387b36a78a2674ad6b9b6e,58.79078027040843
0xfd9376e7ab71a0f34a693fbdfa00c20f2e95f566,256.72082380268233
0xfda7f17c0e5e4a36c952a58142b44030c5b491f6,276.8148714059225
0xfdc840615a8ce4cabd7eab57d495beca039a9b3f,111.55609172565586
0xfdf2e4c7a764d11d8abfb274a8b2237b8ad8cecc,100.78659075244283
0xfdf707acc5cd785017574507d24eb57bc51d032f,1.647479122311796
0xfe60a7e2cc529a995a8ce7ed326b8c94c334d7ff,260.1362533679861
0xff2aeedd1319cc704d31d263b611387dafa826ae,260.1362533679861
0xffcdaa77a69073972b55b81f45004948ed42d0ec,226.9879104082253